Rk,Player,Pos,Age,Tm,G,GS,MP,FG,FGA,FG%,3P,3PA,3P%,2P,2PA,2P%,FT,FTA,FT%,ORB,DRB,TRB,AST,STL,BLK,TOV,PF,PTS,Player-additional
1,Nickeil Alexander-Walker,SG,27,ATL,6,6,213,4.6,12.0,.380,3.0,7.3,.419,1.5,4.7,.321,1.7,2.5,.667,0.5,1.9,2.4,2.7,0.5,0.8,2.9,2.0,13.9,alexani01
2,Grayson Allen,SG,30,PHO,2,0,38,5.7,12.3,.462,3.8,10.4,.364,1.9,1.9,1.000,2.8,3.8,.750,0.9,2.8,3.8,3.8,0.0,1.9,0.0,2.8,18.0,allengr01
3,Jarrett Allen,C,27,CLE,18,18,529,5.9,9.3,.635,0.0,0.0,,5.9,9.3,.635,3.7,6.5,.579,3.9,4.9,8.8,1.3,1.2,2.1,1.2,2.4,15.6,allenja01
4,Jose Alvarado,PG,27,NYK,18,0,170,6.1,14.2,.433,2.5,7.2,.353,3.6,7.0,.515,1.1,1.3,.833,0.4,4.9,5.3,4.4,2.1,0.4,2.1,4.4,15.9,alvarjo01
5,Kyle Anderson,SF,32,MIN,8,0,61,3.5,10.0,.353,0.0,0.6,.000,3.5,9.4,.375,1.8,4.7,.375,1.2,3.0,4.1,8.9,1.2,0.0,3.5,3.5,8.9,anderky01
6,OG Anunoby,PF,28,NYK,17,17,586,6.8,12.2,.561,2.7,5.5,.489,4.1,6.6,.620,4.7,5.5,.854,0.9,5.7,6.6,1.7,1.6,1.2,0.6,2.8,21.0,anunoog01
7,Deni Avdija,SF,25,POR,5,5,174,7.2,16.1,.449,1.4,4.1,.350,5.8,12.0,.483,7.0,9.7,.723,0.6,5.6,6.2,4.8,0.4,0.6,3.5,3.9,23.0,avdijde01
8,Deandre Ayton,C,27,LAL,10,10,285,5.8,10.6,.548,0.0,0.0,,5.8,10.6,.548,1.0,1.6,.615,4.7,7.5,12.1,1.1,0.3,1.0,1.6,3.5,12.6,aytonde01
9,Paolo Banchero,PF,23,ORL,7,7,273,7.9,18.9,.420,1.8,5.5,.333,6.1,13.3,.455,6.6,9.8,.676,1.2,7.1,8.3,5.8,1.3,0.7,3.2,2.4,24.3,banchpa01
10,Desmond Bane,SG,27,ORL,7,7,253,6.1,15.7,.391,3.6,8.3,.431,2.6,7.4,.346,2.3,2.8,.800,1.4,3.3,4.7,1.8,1.8,0.3,1.6,4.0,18.1,banede01
11,Dalano Banton,PG,26,BOS,2,0,4,9.0,9.0,1.000,0.0,0.0,,9.0,9.0,1.000,0.0,0.0,,0.0,0.0,0.0,0.0,0.0,0.0,0.0,0.0,18.0,bantoda01
12,Dominick Barlow,PF,22,PHI,9,0,96,3.7,6.4,.588,0.0,0.4,.000,3.7,6.0,.625,2.3,2.6,.857,2.3,3.4,5.6,0.4,0.7,1.5,0.7,3.4,9.7,barlodo01
13,Harrison Barnes,PF,33,SAS,20,0,183,2.6,7.7,.333,1.2,5.1,.231,1.4,2.6,.538,2.8,3.3,.824,3.1,2.0,5.1,1.0,0.4,0.2,1.0,1.6,9.0,barneha02
14,Scottie Barnes,PF,24,TOR,7,7,273,7.8,15.3,.509,1.1,2.8,.381,6.7,12.5,.537,5.7,7.1,.796,1.5,4.2,5.7,7.9,1.1,1.6,3.2,2.8,22.3,barnesc01
15,RJ Barrett,SF,25,TOR,7,7,271,8.4,17.5,.477,2.3,5.8,.386,6.1,11.7,.523,3.5,5.4,.634,1.9,4.6,6.5,3.7,1.2,0.3,3.3,3.2,22.5,barrerj01
16,Jamison Battle,SF,24,TOR,6,0,71,5.6,9.6,.579,3.5,5.6,.636,2.0,4.1,.500,0.0,0.0,,1.5,4.1,5.6,0.5,0.0,0.0,0.5,3.0,14.7,battlja01
17,Joan Beringer,PF,19,MIN,5,0,23,7.8,14.1,.556,0.0,0.0,,7.8,14.1,.556,9.4,12.5,.750,7.8,9.4,17.2,0.0,3.1,3.1,4.7,0.0,25.0,berinjo01
18,Goga Bitadze,C,26,ORL,6,0,83,2.6,6.5,.400,0.0,0.0,,2.6,6.5,.400,2.2,3.0,.714,5.6,4.8,10.4,0.9,0.9,4.3,1.7,6.1,7.4,bitadgo01
19,Bismack Biyombo,C,33,SAS,9,0,25,4.3,10.1,.429,0.0,0.0,,4.3,10.1,.429,0.0,0.0,,1.4,2.9,4.3,0.0,0.0,2.9,2.9,5.8,8.6,biyombi01
20,Anthony Black,PG,22,ORL,7,0,196,3.7,9.9,.370,1.3,4.0,.318,2.4,5.9,.406,2.4,3.9,.619,0.4,3.7,4.0,1.8,2.8,0.9,0.9,3.5,11.0,blackan01
21,Adem Bona,C,22,PHI,10,3,96,3.0,6.0,.500,0.0,0.0,,3.0,6.0,.500,3.7,6.0,.625,4.1,3.7,7.9,0.4,0.4,2.6,4.1,8.6,9.7,bonaad01
22,Devin Booker,SG,29,PHO,4,4,153,6.8,14.8,.460,1.2,4.7,.250,5.6,10.1,.558,5.2,6.6,.786,2.4,1.6,4.0,4.5,0.2,0.2,3.8,3.5,20.0,bookede01
23,Jamaree Bouyea,PG,26,PHO,4,0,10,7.2,14.4,.500,0.0,0.0,,7.2,14.4,.500,3.6,7.2,.500,3.6,7.2,10.8,3.6,3.6,0.0,0.0,0.0,18.0,bouyeja01
24,Tony Bradley,C,28,ATL,4,0,41,2.6,3.5,.750,0.9,0.9,1.000,1.8,2.6,.667,3.5,5.3,.667,0.9,8.8,9.7,2.6,1.8,2.6,0.9,6.1,9.7,bradlto01
25,Christian Braun,SG,24,DEN,6,6,187,2.9,6.9,.417,1.2,2.7,.429,1.7,4.2,.409,2.7,3.7,.737,0.4,3.7,4.0,1.9,1.2,1.0,0.8,2.5,9.6,braunch01
26,Mikal Bridges,SF,29,NYK,19,19,608,6.2,11.1,.559,1.4,3.7,.365,4.9,7.4,.656,1.4,1.5,.920,0.4,3.2,3.6,3.1,1.1,0.4,1.0,2.1,15.2,bridgmi01
27,Dillon Brooks,SF,30,PHO,4,4,149,9.4,20.5,.459,3.4,7.7,.438,6.0,12.8,.472,2.9,2.9,1.000,1.2,4.6,5.8,1.7,0.2,0.2,1.4,4.3,25.1,brookdi01
28,Johni Broome,C,23,PHI,2,0,8,13.5,27.0,.500,4.5,18.0,.250,9.0,9.0,1.000,0.0,0.0,,4.5,4.5,9.0,4.5,0.0,0.0,0.0,0.0,31.5,broomjo01
29,Bruce Brown,SG,29,DEN,6,0,116,4.7,10.6,.441,0.9,3.4,.273,3.7,7.1,.522,1.6,2.8,.556,0.9,4.0,5.0,3.1,3.1,0.0,2.8,5.0,11.8,brownbr01
30,Jaylen Brown,SF,29,BOS,7,7,249,9.4,20.7,.455,2.5,6.1,.405,6.9,14.6,.475,4.8,6.7,.717,1.6,4.2,5.8,3.3,0.9,1.2,3.6,3.0,26.0,brownja02
31,Jalen Brunson,PG,29,NYK,19,19,702,9.8,21.2,.465,2.3,6.4,.363,7.5,14.8,.509,5.6,6.7,.846,0.6,2.5,3.1,5.9,1.2,0.0,2.6,2.1,27.6,brunsja01
32,Carter Bryant,PF,20,SAS,22,0,187,4.2,8.5,.500,2.3,5.6,.414,1.9,2.9,.667,0.4,1.2,.333,1.7,5.6,7.3,2.9,0.6,1.2,2.7,7.7,11.2,bryanca01
33,Thomas Bryant,C,28,CLE,9,0,41,5.3,18.4,.286,1.8,10.5,.167,3.5,7.9,.444,2.6,2.6,1.000,2.6,7.0,9.7,1.8,1.8,0.9,1.8,3.5,14.9,bryanth01
34,Jamal Cain,SF,26,ORL,7,3,123,3.5,8.5,.414,0.9,3.5,.250,2.6,5.0,.529,1.5,3.2,.455,2.0,5.0,7.0,1.2,0.6,0.9,1.5,4.1,9.4,cainja01
35,Toumani Camara,PF,25,POR,5,5,165,2.4,8.3,.289,1.5,5.9,.259,0.9,2.4,.364,1.3,1.3,1.000,1.7,4.1,5.9,1.3,1.5,0.7,1.5,2.8,7.6,camarto01
36,Clint Capela,C,31,HOU,4,0,22,4.9,13.1,.375,0.0,0.0,,4.9,13.1,.375,0.0,0.0,,8.2,3.3,11.5,1.6,0.0,1.6,1.6,1.6,9.8,capelca01
37,Jevon Carter,PG,30,ORL,3,0,17,2.1,8.5,.250,0.0,4.2,.000,2.1,4.2,.500,0.0,0.0,,2.1,2.1,4.2,4.2,2.1,0.0,0.0,0.0,4.2,carteje01
38,Wendell Carter Jr.,C,26,ORL,7,7,237,3.8,7.3,.521,0.8,2.7,.278,3.0,4.6,.667,3.3,4.7,.710,3.0,4.4,7.4,3.0,0.6,1.8,1.5,4.3,11.7,cartewe01
39,Alex Caruso,SG,31,OKC,15,0,353,5.6,11.7,.478,3.4,7.5,.446,2.2,4.2,.537,2.2,2.8,.815,0.6,4.0,4.6,3.2,2.1,0.7,1.4,3.2,16.8,carusal01
40,Stephon Castle,PG,21,SAS,23,23,760,6.4,14.0,.459,1.7,4.7,.350,4.8,9.3,.515,5.3,6.4,.816,1.6,3.9,5.5,6.7,1.0,0.4,3.8,4.2,19.8,castlst01
41,Julian Champagnie,SF,24,SAS,23,23,705,4.4,10.0,.444,3.1,7.9,.396,1.3,2.1,.619,1.2,1.5,.767,1.1,5.6,6.7,1.8,1.5,0.6,0.7,2.6,13.2,champju02
42,Sidy Cissoko,SF,21,POR,4,0,26,5.5,13.8,.400,2.8,6.9,.400,2.8,6.9,.400,1.4,1.4,1.000,2.8,4.2,6.9,1.4,5.5,0.0,1.4,5.5,15.2,cissosi01
43,Jaylen Clark,SG,24,MIN,6,0,57,1.9,7.6,.250,1.3,5.1,.250,0.6,2.5,.250,1.3,1.3,1.000,1.3,3.2,4.4,1.9,0.6,0.6,0.0,3.8,6.3,clarkja02
44,Jordan Clarkson,SG,33,NYK,18,0,195,6.5,14.2,.455,0.7,3.5,.211,5.7,10.7,.534,2.8,3.5,.789,3.3,2.4,5.7,2.0,0.7,0.2,3.0,4.6,16.4,clarkjo01
45,Donovan Clingan,C,21,POR,5,5,107,4.7,15.5,.304,1.7,8.4,.200,3.0,7.1,.429,0.7,1.3,.500,4.7,8.4,13.1,3.7,0.3,1.0,1.0,4.7,11.8,clingdo01
46,Amir Coffey,SG,28,PHO,4,0,6,0.0,0.0,,0.0,0.0,,0.0,0.0,,0.0,0.0,,0.0,0.0,0.0,0.0,0.0,0.0,12.0,0.0,0.0,coffeam01
47,Mike Conley,PG,38,MIN,12,5,168,4.1,8.1,.500,2.8,5.6,.500,1.3,2.6,.500,0.4,0.4,1.000,0.2,3.0,3.2,6.9,1.7,0.0,1.1,3.2,11.4,conlemi01
48,Cade Cunningham,PG,24,DET,14,14,572,8.0,18.5,.432,2.6,6.4,.402,5.4,12.1,.448,6.2,7.2,.861,0.8,3.7,4.5,6.6,0.9,0.5,5.0,2.7,24.8,cunnica01
49,Tristan Da Silva,SF,24,ORL,7,0,107,3.7,9.8,.379,1.7,5.4,.313,2.0,4.4,.462,0.7,1.3,.500,2.4,4.4,6.7,0.3,0.3,0.0,1.7,2.7,9.8,dasiltr01
50,Pacôme Dadiet,SG,20,NYK,7,0,40,7.2,14.4,.500,2.7,7.2,.375,4.5,7.2,.625,0.9,1.8,.500,1.8,4.5,6.3,2.7,1.8,0.0,1.8,0.9,18.0,dadiepa01
51,Dyson Daniels,SG,22,ATL,6,6,166,3.9,8.9,.439,0.9,3.0,.286,3.0,5.9,.519,0.9,1.3,.667,2.0,6.1,8.0,6.5,2.4,0.4,2.4,2.6,9.5,daniedy01
52,JD Davison,PG,23,HOU,2,0,5,0.0,0.0,,0.0,0.0,,0.0,0.0,,14.4,14.4,1.000,0.0,14.4,14.4,0.0,0.0,0.0,14.4,0.0,14.4,davisjd01
53,Mohamed Diawara,SF,20,NYK,6,0,43,2.5,10.9,.231,0.8,5.0,.167,1.7,5.9,.286,0.0,0.0,,0.8,6.7,7.5,5.0,0.8,0.0,2.5,2.5,5.9,diawamo01
54,Gradey Dick,SG,22,TOR,3,0,4,0.0,0.0,,0.0,0.0,,0.0,0.0,,0.0,0.0,,0.0,9.0,9.0,0.0,0.0,0.0,0.0,0.0,0.0,dickgr01
55,Donte DiVincenzo,SG,29,MIN,4,4,96,6.0,12.0,.500,4.1,8.6,.478,1.9,3.4,.556,0.0,0.7,.000,0.0,5.6,5.6,6.0,2.6,0.0,1.5,3.7,16.1,divindo01
56,Luguentz Dort,SF,26,OKC,15,15,335,3.2,8.8,.366,2.1,7.0,.308,1.1,1.8,.588,0.2,0.4,.500,1.1,3.2,4.3,2.1,0.8,0.2,0.9,4.3,8.8,dortlu01
57,Ayo Dosunmu,SG,26,MIN,10,4,292,7.0,14.1,.500,2.1,4.9,.425,4.9,9.1,.541,3.1,3.3,.926,0.9,3.6,4.4,5.1,1.1,0.5,1.8,3.5,19.2,dosunay01
58,Andre Drummond,C,32,PHI,11,1,142,4.1,5.8,.696,1.0,2.0,.500,3.0,3.8,.800,1.8,2.5,.700,3.0,8.9,11.9,1.8,1.0,0.5,2.3,6.8,10.9,drumman01
59,Ryan Dunn,SF,23,PHO,4,0,34,0.0,4.2,.000,0.0,4.2,.000,0.0,0.0,,0.0,0.0,,0.0,6.4,6.4,2.1,0.0,0.0,3.2,2.1,0.0,dunnry01
60,Kevin Durant,SF,37,HOU,1,1,41,6.1,10.5,.583,0.9,3.5,.250,5.3,7.0,.750,7.0,7.9,.889,1.8,3.5,5.3,3.5,0.9,0.9,7.9,3.5,20.2,duranke01
61,Jalen Duren,C,22,DET,14,14,422,4.8,9.3,.514,0.0,0.0,,4.8,9.3,.514,2.6,3.9,.674,3.9,6.2,10.2,2.6,0.8,1.5,2.7,4.1,12.2,durenja01
62,Tari Eason,PF,24,HOU,6,4,195,5.7,12.0,.477,1.8,5.5,.333,3.9,6.5,.600,2.0,2.4,.846,2.2,5.2,7.4,1.8,2.8,0.7,0.9,4.1,15.3,easonta01
63,VJ Edgecombe,SG,20,PHI,11,11,407,5.3,12.8,.414,1.9,6.4,.292,3.4,6.5,.534,1.1,1.6,.722,2.0,3.9,5.9,3.3,1.0,0.4,1.6,2.6,13.6,edgecvj01
64,Anthony Edwards,SG,24,MIN,10,8,324,8.6,20.0,.428,2.2,7.0,.317,6.3,13.0,.487,4.7,5.7,.824,0.6,5.8,6.3,3.0,0.6,0.8,2.8,3.2,24.0,edwaran01
65,Justin Edwards,SF,22,PHI,9,0,109,3.6,10.6,.344,1.3,5.9,.222,2.3,4.6,.500,1.3,2.3,.571,2.0,4.6,6.6,1.3,0.0,0.3,2.0,5.0,9.9,edwarju01
66,Keon Ellis,SG,26,CLE,12,0,89,2.0,6.1,.333,2.0,5.7,.357,0.0,0.4,.000,1.6,2.0,.800,1.2,4.4,5.7,1.2,2.8,0.4,2.4,3.6,7.7,elliske01
67,Joel Embiid,C,31,PHI,7,7,233,8.8,19.2,.460,0.8,4.3,.179,8.0,14.8,.542,7.6,9.1,.831,1.2,6.6,7.9,5.9,0.3,0.9,2.3,2.6,26.0,embiijo01
68,Dorian Finney-Smith,PF,32,HOU,4,0,49,1.5,10.3,.143,1.5,8.1,.182,0.0,2.2,.000,1.5,1.5,1.000,0.7,5.1,5.9,0.7,0.7,0.7,1.5,4.4,5.9,finnedo01
69,Rasheer Fleming,PF,21,PHO,4,0,18,6.0,10.0,.600,6.0,10.0,.600,0.0,0.0,,0.0,0.0,,2.0,0.0,2.0,0.0,4.0,2.0,2.0,4.0,18.0,flemira01
70,De'Aaron Fox,PG,28,SAS,21,21,704,6.4,15.4,.414,1.5,5.2,.294,4.9,10.2,.475,2.4,3.2,.758,0.6,3.4,4.0,6.4,1.4,0.5,2.2,2.8,16.7,foxde01
71,Luka Garza,C,27,BOS,7,1,59,6.1,12.2,.500,2.4,7.9,.308,3.7,4.3,.857,4.3,4.9,.875,4.3,3.1,7.3,3.7,0.0,0.6,0.6,8.5,18.9,garzalu01
72,Paul George,PF,35,PHI,11,11,394,5.9,13.0,.458,3.2,6.5,.493,2.7,6.5,.423,1.4,1.8,.750,0.5,3.4,3.9,3.0,1.3,0.5,2.0,2.5,16.4,georgpa01
73,Shai Gilgeous-Alexander,PG,27,OKC,15,15,544,8.7,18.9,.463,1.2,3.9,.305,7.5,15.0,.504,8.7,9.8,.892,0.4,2.5,2.9,7.9,1.3,0.9,3.0,2.3,27.4,gilgesh01
74,Collin Gillespie,PG,26,PHO,4,3,114,5.1,11.4,.444,3.2,7.9,.400,1.9,3.5,.545,0.0,0.3,.000,1.9,4.4,6.3,4.7,1.6,0.3,1.3,3.8,13.3,gilleco01
75,Rudy Gobert,C,33,MIN,12,12,372,3.3,6.7,.493,0.0,0.2,.000,3.3,6.5,.507,1.7,3.7,.474,4.1,6.8,10.8,2.7,1.4,1.3,1.5,3.2,8.3,goberru01
76,Hugo González,SF,19,BOS,4,0,19,0.0,5.7,.000,0.0,5.7,.000,0.0,0.0,,0.0,3.8,.000,1.9,5.7,7.6,3.8,0.0,1.9,1.9,7.6,0.0,gonzahu01
77,Jordan Goodwin,PG,27,PHO,1,1,5,7.2,28.8,.250,0.0,21.6,.000,7.2,7.2,1.000,0.0,0.0,,0.0,0.0,0.0,0.0,0.0,0.0,0.0,14.4,14.4,goodwjo01
78,Aaron Gordon,PF,30,DEN,3,3,89,4.9,12.1,.400,1.2,5.7,.214,3.6,6.5,.563,2.8,4.0,.700,1.6,4.9,6.5,2.8,0.0,0.4,0.4,3.6,13.8,gordoaa01
79,Jerami Grant,PF,31,POR,5,0,112,4.8,13.8,.349,1.6,4.8,.333,3.2,9.0,.357,5.5,5.8,.944,0.6,2.3,2.9,0.6,1.6,0.3,1.0,3.5,16.7,grantje01
80,Jalen Green,SG,23,PHO,4,4,151,7.6,19.8,.386,1.7,8.1,.206,6.0,11.7,.510,3.8,4.8,.800,1.2,3.8,5.0,3.3,1.9,0.2,3.1,1.9,20.7,greenja05
81,Javonte Green,SG,32,DET,11,0,132,2.5,8.2,.300,1.9,7.4,.259,0.5,0.8,.667,1.4,1.6,.833,0.5,4.9,5.5,0.8,1.6,1.4,0.8,3.8,8.2,greenja02
82,Jeff Green,PF,39,HOU,2,0,11,0.0,6.5,.000,0.0,3.3,.000,0.0,3.3,.000,0.0,0.0,,0.0,0.0,0.0,0.0,0.0,0.0,3.3,3.3,0.0,greenje02
83,Quentin Grimes,SG,25,PHI,11,0,243,3.4,8.6,.397,2.1,5.2,.400,1.3,3.4,.391,2.1,2.4,.875,0.3,4.1,4.4,3.7,0.4,0.7,0.9,3.1,11.0,grimequ01
84,Mouhamed Gueye,PF,23,ATL,6,0,50,2.9,10.1,.286,0.7,7.2,.100,2.2,2.9,.750,0.7,1.4,.500,3.6,3.6,7.2,2.9,0.7,0.0,0.7,6.5,7.2,gueyemo02
85,Rui Hachimura,PF,27,LAL,10,10,386,6.2,11.4,.549,3.1,5.4,.569,3.2,6.0,.531,0.7,1.0,.727,0.6,3.2,3.7,1.6,0.8,0.6,0.8,2.6,16.3,hachiru01
86,Yang Hansen,C,20,POR,4,0,5,0.0,14.4,.000,0.0,14.4,.000,0.0,0.0,,0.0,0.0,,0.0,7.2,7.2,0.0,0.0,0.0,0.0,0.0,0.0,yangha01
87,Tim Hardaway Jr.,SG,33,DEN,6,0,140,4.9,11.6,.422,2.1,5.9,.348,2.8,5.7,.500,4.9,6.2,.792,1.5,3.6,5.1,1.3,1.0,0.5,1.0,2.6,16.7,hardati02
88,James Harden,PG,36,CLE,18,18,672,5.5,13.3,.410,2.0,6.8,.299,3.4,6.5,.525,5.5,6.6,.831,0.7,4.2,4.9,5.3,1.7,0.6,4.5,2.5,18.5,hardeja01
89,Dylan Harper,SG,19,SAS,23,2,615,7.0,13.6,.515,1.3,4.0,.333,5.7,9.6,.591,3.6,4.4,.827,1.7,5.8,7.5,3.6,1.3,0.3,2.0,3.1,19.0,harpedy01
90,Ron Harper Jr.,SF,25,BOS,6,1,25,5.8,13.0,.444,4.3,8.6,.500,1.4,4.3,.333,0.0,0.0,,1.4,4.3,5.8,1.4,4.3,0.0,0.0,1.4,15.8,harpero02
91,Tobias Harris,PF,33,DET,14,14,485,6.8,15.9,.425,1.4,4.8,.292,5.3,11.1,.483,3.9,4.7,.825,1.2,6.3,7.5,1.7,1.6,0.8,1.1,2.7,18.8,harrito02
92,Josh Hart,SF,30,NYK,19,19,614,4.4,10.2,.431,1.6,5.0,.326,2.8,5.2,.534,1.2,1.9,.606,1.3,8.7,10.0,5.1,1.9,0.2,2.1,3.0,11.6,hartjo01
93,Isaiah Hartenstein,C,27,OKC,15,15,350,5.9,9.3,.633,0.0,0.1,.000,5.9,9.2,.640,2.4,3.1,.767,5.1,7.7,12.9,4.0,1.2,1.0,2.7,4.9,14.1,harteis01
94,Sam Hauser,PF,28,BOS,7,6,164,4.2,10.1,.413,3.5,8.3,.421,0.7,1.8,.375,0.0,0.0,,2.0,4.6,6.6,1.3,0.2,0.2,0.4,2.2,11.9,hausesa01
95,Jaxson Hayes,C,25,LAL,10,0,163,4.2,6.2,.679,0.0,0.2,.000,4.2,6.0,.704,4.2,6.0,.704,3.3,3.8,7.1,1.5,0.7,1.8,2.2,6.0,12.6,hayesja02
96,Scoot Henderson,PG,21,POR,5,5,145,7.0,14.6,.475,3.2,7.0,.464,3.7,7.7,.484,1.5,2.0,.750,0.5,1.5,2.0,1.5,1.0,0.2,2.2,4.2,18.6,hendesc01
97,Buddy Hield,SG,33,ATL,2,0,13,11.1,13.8,.800,5.5,5.5,1.000,5.5,8.3,.667,0.0,0.0,,0.0,5.5,5.5,0.0,0.0,0.0,5.5,0.0,27.7,hieldbu01
98,Haywood Highsmith,SF,29,PHO,2,0,11,0.0,6.5,.000,0.0,6.5,.000,0.0,0.0,,0.0,0.0,,3.3,6.5,9.8,3.3,0.0,0.0,6.5,0.0,0.0,highsha01
99,Aaron Holiday,PG,29,HOU,6,0,67,3.2,11.8,.273,2.1,8.1,.267,1.1,3.8,.286,0.0,0.0,,0.0,1.1,1.1,1.6,1.1,0.5,1.6,3.2,8.6,holidaa01
100,Jrue Holiday,PG,35,POR,5,5,192,5.8,14.4,.403,2.3,6.4,.353,3.6,8.1,.442,1.5,1.7,.889,1.5,3.6,5.1,6.8,1.3,0.4,3.0,2.8,15.4,holidjr01
101,Ron Holland,SF,20,DET,9,0,58,2.5,8.1,.308,1.2,5.0,.250,1.2,3.1,.400,1.9,3.1,.600,0.6,8.1,8.7,0.6,2.5,1.2,1.9,5.6,8.1,hollaro01
102,DaRon Holmes,PF,23,DEN,2,0,4,0.0,0.0,,0.0,0.0,,0.0,0.0,,0.0,0.0,,0.0,18.0,18.0,0.0,0.0,0.0,0.0,0.0,0.0,holmeda01
103,Chet Holmgren,PF,23,OKC,15,15,459,6.5,11.5,.568,1.2,3.3,.357,5.3,8.2,.654,3.4,4.1,.827,2.4,7.3,9.6,1.3,1.3,1.7,1.6,2.7,17.6,holmgch01
104,Jett Howard,SF,22,ORL,1,0,3,0.0,24.0,.000,0.0,24.0,.000,0.0,0.0,,0.0,0.0,,0.0,0.0,0.0,0.0,0.0,0.0,0.0,0.0,0.0,howarje01
105,Kevin Huerter,SG,27,DET,5,0,46,1.6,5.5,.286,1.6,3.9,.400,0.0,1.6,.000,0.0,0.0,,0.0,3.9,3.9,5.5,1.6,0.0,1.6,1.6,4.7,huertke01
106,Ariel Hukporti,C,23,NYK,10,0,76,2.4,5.2,.455,0.0,0.5,.000,2.4,4.7,.500,3.3,7.1,.467,6.6,8.5,15.2,1.4,0.9,3.3,2.4,8.5,8.1,hukpoar01
107,Bones Hyland,PG,25,MIN,10,0,116,4.7,15.5,.300,2.8,10.6,.265,1.9,5.0,.375,2.2,2.5,.875,0.9,3.1,4.0,4.7,1.2,0.3,2.5,3.4,14.3,hylanbo01
108,Oso Ighodaro,PF,23,PHO,4,4,129,3.6,6.7,.542,0.0,0.0,,3.6,6.7,.542,1.1,1.7,.667,3.3,4.5,7.8,4.5,0.6,0.8,2.0,4.2,8.4,ighodos01
109,Joe Ingles,SF,38,MIN,3,0,14,5.1,7.7,.667,5.1,7.7,.667,0.0,0.0,,2.6,5.1,.500,2.6,2.6,5.1,0.0,5.1,0.0,2.6,0.0,18.0,inglejo01
110,Brandon Ingram,SF,28,TOR,5,5,148,4.6,14.1,.328,1.2,3.2,.385,3.4,10.9,.311,4.1,5.6,.739,0.5,3.4,3.9,2.7,0.7,1.0,2.4,2.4,14.6,ingrabr01
111,Trayce Jackson-Davis,C,25,TOR,3,0,4,0.0,9.0,.000,0.0,0.0,,0.0,9.0,.000,18.0,18.0,1.000,9.0,0.0,9.0,0.0,0.0,0.0,9.0,18.0,18.0,jackstr02
112,Bronny James,SG,21,LAL,8,0,42,4.3,8.6,.500,1.7,5.1,.333,2.6,3.4,.750,0.0,0.0,,2.6,0.0,2.6,6.0,0.9,0.0,3.4,4.3,10.3,jamesbr02
113,LeBron James,SF,41,LAL,10,10,384,7.9,17.2,.459,1.6,4.9,.327,6.3,12.3,.511,4.4,5.9,.746,0.4,5.9,6.3,6.8,1.2,0.3,3.6,1.5,21.7,jamesle01
114,Daniss Jenkins,PG,24,DET,14,3,318,5.0,13.8,.361,1.8,6.7,.271,3.2,7.1,.444,2.7,3.5,.774,1.5,2.7,4.2,4.8,0.7,0.6,1.1,2.6,14.5,jenkida01
115,Isaiah Joe,SG,26,OKC,13,0,143,5.8,13.8,.418,4.0,11.6,.348,1.8,2.3,.778,0.3,0.3,1.000,1.3,3.3,4.5,3.5,1.8,0.3,1.3,4.3,15.9,joeis01
116,Cameron Johnson,SF,29,DEN,6,6,186,6.0,12.0,.500,2.1,6.8,.314,3.9,5.2,.741,2.3,3.3,.706,0.6,3.1,3.7,2.7,1.2,0.4,1.2,3.5,16.5,johnsca02
117,Jalen Johnson,SF,24,ATL,6,6,214,6.7,15.5,.435,1.5,5.2,.290,5.2,10.3,.508,4.7,5.4,.875,1.0,6.7,7.7,5.2,0.8,0.3,2.4,3.4,19.7,johnsja05
118,Keldon Johnson,SF,26,SAS,23,0,411,5.8,14.2,.407,1.8,5.1,.362,3.9,9.1,.433,2.2,3.8,.581,2.5,4.1,6.7,1.8,1.3,0.3,2.1,4.6,15.6,johnske04
119,Nikola Jokić,C,30,DEN,6,6,237,8.2,18.4,.446,1.1,5.5,.194,7.1,12.9,.553,6.1,6.5,.930,1.4,10.6,12.0,8.7,0.9,0.8,3.5,3.2,23.5,jokicni01
120,Spencer Jones,SF,24,DEN,6,3,145,3.2,4.7,.684,2.2,3.2,.692,1.0,1.5,.667,1.0,1.2,.800,0.7,2.2,3.0,0.5,1.0,1.7,1.0,5.0,9.7,jonessp01
121,Tyus Jones,PG,29,DEN,3,0,30,4.8,9.6,.500,0.0,1.2,.000,4.8,8.4,.571,1.2,2.4,.500,0.0,0.0,0.0,6.0,2.4,0.0,0.0,3.6,10.8,jonesty01
122,Luke Kennard,SG,29,LAL,10,5,326,4.3,8.8,.488,2.0,4.2,.474,2.3,4.6,.500,2.1,2.5,.826,0.3,3.5,3.9,2.5,1.0,0.1,1.5,1.8,12.7,kennalu01
123,Corey Kispert,SF,26,ATL,5,0,54,2.7,14.7,.182,0.7,8.0,.083,2.0,6.7,.300,1.3,2.0,.667,2.0,3.3,5.3,4.0,1.3,0.0,2.0,5.3,7.3,kispeco01
124,Maxi Kleber,PF,34,LAL,3,0,14,0.0,2.6,.000,0.0,0.0,,0.0,2.6,.000,2.6,5.1,.500,5.1,0.0,5.1,7.7,2.6,0.0,5.1,5.1,2.6,klebima01
125,Dalton Knecht,SF,24,LAL,5,0,18,6.0,16.0,.375,4.0,10.0,.400,2.0,6.0,.333,4.0,4.0,1.000,0.0,12.0,12.0,6.0,0.0,0.0,2.0,0.0,20.0,knechda01
126,Tyler Kolek,PG,24,NYK,8,0,53,7.5,17.0,.440,2.7,6.1,.444,4.8,10.9,.438,1.4,1.4,1.000,0.7,3.4,4.1,8.2,0.0,0.7,2.0,2.0,19.0,kolekty01
127,Luke Kornet,C,30,SAS,23,1,296,4.0,7.1,.569,0.1,0.1,1.000,3.9,6.9,.561,2.1,2.7,.773,4.9,6.1,10.9,1.9,1.7,1.9,1.5,5.1,10.2,kornelu01
128,Vít Krejčí,PG,25,POR,4,0,16,2.3,9.0,.250,0.0,6.8,.000,2.3,2.3,1.000,0.0,0.0,,0.0,2.3,2.3,4.5,0.0,0.0,0.0,6.8,4.5,krejcvi01
129,Jonathan Kuminga,PF,23,ATL,6,0,156,6.7,13.8,.483,1.2,5.5,.208,5.5,8.3,.667,4.4,6.0,.731,1.4,3.2,4.6,1.4,0.7,0.7,1.4,3.7,18.9,kuminjo01
130,Chaz Lanier,SG,24,DET,3,0,8,4.5,13.5,.333,0.0,4.5,.000,4.5,9.0,.500,0.0,0.0,,0.0,0.0,0.0,4.5,0.0,0.0,0.0,0.0,9.0,laniech01
131,Jake LaRavia,PF,24,LAL,8,0,114,2.8,8.5,.333,0.6,2.2,.286,2.2,6.3,.350,1.9,1.9,1.000,2.8,2.5,5.4,1.9,1.3,1.9,3.5,5.1,8.2,laravja01
132,A.J. Lawson,SG,25,TOR,7,0,51,2.8,11.3,.250,1.4,5.6,.250,1.4,5.6,.250,1.4,1.4,1.000,0.0,2.1,2.1,2.8,0.0,1.4,1.4,5.6,8.5,lawsoaj01
133,Caris LeVert,SG,31,DET,13,0,216,4.8,10.8,.446,1.7,4.5,.370,3.2,6.3,.500,1.5,1.7,.900,1.0,3.8,4.8,2.7,1.3,1.0,1.3,3.3,12.8,leverca01
134,Kyle Lowry,PG,39,PHI,2,0,3,0.0,0.0,,0.0,0.0,,0.0,0.0,,0.0,0.0,,0.0,12.0,12.0,0.0,0.0,0.0,0.0,12.0,0.0,lowryky01
135,Khaman Maluach,C,19,PHO,4,0,45,3.2,6.4,.500,0.0,0.8,.000,3.2,5.6,.571,0.0,0.0,,1.6,5.6,7.2,0.0,0.0,0.0,2.4,3.2,6.4,maluakh01
136,Sandro Mamukelashvili,C,26,TOR,7,0,104,4.8,12.1,.400,1.4,4.8,.286,3.5,7.3,.476,1.0,2.4,.429,3.8,8.3,12.1,2.4,1.7,1.0,1.4,4.2,12.1,mamuksa01
137,Tyrese Maxey,PG,25,PHI,11,11,437,7.9,17.4,.455,2.1,6.1,.351,5.8,11.3,.511,3.5,4.0,.896,0.3,3.3,3.6,5.4,0.7,0.3,1.9,1.8,21.5,maxeyty01
138,Miles McBride,SG,25,NYK,19,2,334,3.8,11.3,.333,3.2,8.6,.375,0.5,2.7,.200,0.8,0.9,.875,1.0,1.5,2.5,2.5,0.9,0.4,1.1,3.7,11.5,mcbrimi01
139,Jared McCain,SG,21,OKC,15,2,258,7.8,19.0,.412,3.6,9.8,.371,4.2,9.2,.455,1.7,2.1,.800,1.3,2.7,3.9,2.1,0.7,0.0,1.5,2.7,20.9,mccaija01
140,CJ McCollum,PG,34,ATL,6,6,192,8.6,18.6,.465,1.9,6.2,.303,6.8,12.4,.545,2.4,4.5,.542,1.3,2.1,3.4,2.3,1.1,1.3,3.9,2.6,21.6,mccolcj01
141,Jaden McDaniels,PF,25,MIN,12,12,406,6.9,15.6,.443,0.9,3.7,.238,6.0,11.9,.507,2.7,3.1,.857,2.5,3.6,6.1,2.6,0.5,0.7,1.5,4.7,17.4,mcdanja02
142,Jordan McLaughlin,PG,29,SAS,10,0,46,5.5,8.6,.636,2.3,3.9,.600,3.1,4.7,.667,1.6,1.6,1.000,1.6,4.7,6.3,7.8,1.6,0.0,1.6,2.3,14.9,mclaujo01
143,Sam Merrill,SG,29,CLE,17,0,338,4.4,10.2,.427,3.1,8.3,.372,1.3,1.9,.667,2.2,2.7,.840,0.9,1.4,2.2,2.0,0.9,0.0,1.0,4.3,14.1,merrisa01
144,Ajay Mitchell,SG,23,OKC,11,7,317,7.2,15.6,.460,1.5,4.5,.325,5.7,11.0,.515,3.1,3.4,.900,1.5,3.2,4.7,5.3,1.9,0.1,1.7,2.3,18.9,mitchaj01
145,Donovan Mitchell,SG,29,CLE,18,18,652,9.4,20.9,.451,2.8,8.6,.327,6.6,12.3,.538,4.1,5.1,.815,0.8,4.0,4.8,3.0,1.2,0.3,2.6,3.0,25.8,mitchdo01
146,Evan Mobley,PF,24,CLE,18,18,640,6.4,12.0,.535,1.4,4.0,.338,5.1,8.0,.634,3.0,4.9,.621,2.1,6.1,8.2,3.9,1.0,1.8,2.3,2.4,17.2,mobleev01
147,Jonathan Mogbo,PF,24,TOR,3,0,4,18.0,18.0,1.000,0.0,0.0,,18.0,18.0,1.000,0.0,0.0,,0.0,0.0,0.0,0.0,0.0,0.0,0.0,9.0,36.0,mogbojo01
148,Jamal Murray,PG,28,DEN,6,6,238,7.0,19.5,.357,1.7,6.4,.262,5.3,13.2,.402,5.9,6.1,.975,1.1,3.5,4.5,5.1,0.8,0.3,2.0,1.5,21.5,murraja01
149,Kris Murray,SF,25,POR,5,0,25,2.9,5.8,.500,0.0,2.9,.000,2.9,2.9,1.000,1.4,2.9,.500,1.4,2.9,4.3,0.0,0.0,0.0,4.3,4.3,7.2,murrakr01
150,Collin Murray-Boyles,PF,20,TOR,7,0,191,7.9,12.1,.656,0.0,0.6,.000,7.9,11.5,.689,3.2,4.1,.773,4.0,4.5,8.5,3.2,1.7,1.5,2.5,3.0,19.0,murraco01
151,Larry Nance Jr.,PF,33,CLE,2,0,5,0.0,0.0,,0.0,0.0,,0.0,0.0,,0.0,0.0,,0.0,0.0,0.0,0.0,0.0,0.0,7.2,0.0,0.0,nancela02
152,Asa Newell,PF,20,ATL,2,0,11,3.3,6.5,.500,0.0,0.0,,3.3,6.5,.500,0.0,0.0,,0.0,0.0,0.0,3.3,3.3,3.3,0.0,3.3,6.5,newelas01
153,Zeke Nnaji,PF,25,DEN,2,0,19,3.8,3.8,1.000,1.9,1.9,1.000,1.9,1.9,1.000,9.5,11.4,.833,1.9,3.8,5.7,1.9,1.9,0.0,0.0,5.7,18.9,nnajize01
154,Royce O'Neale,SF,32,PHO,4,0,97,3.3,5.2,.643,3.0,4.8,.615,0.4,0.4,1.000,1.9,2.2,.833,1.5,7.8,9.3,3.3,0.7,0.4,1.5,4.5,11.5,onealro01
155,Josh Okogie,SG,27,HOU,6,2,104,3.8,8.7,.440,1.7,4.5,.385,2.1,4.2,.500,0.7,0.7,1.000,2.1,2.8,4.8,1.7,2.4,0.0,1.0,4.2,10.0,okogijo01
156,Onyeka Okongwu,C,25,ATL,6,6,199,5.1,8.7,.583,1.8,4.0,.455,3.3,4.7,.692,1.6,2.2,.750,1.4,5.8,7.2,2.5,1.3,0.9,1.3,3.8,13.6,okongon01
157,Kelly Olynyk,C,34,SAS,9,0,35,8.2,15.4,.533,5.1,8.2,.625,3.1,7.2,.429,4.1,7.2,.571,0.0,7.2,7.2,3.1,4.1,0.0,4.1,3.1,25.7,olynyke01
158,Kelly Oubre Jr.,SF,30,PHI,11,11,364,4.7,10.5,.453,1.0,3.9,.256,3.8,6.6,.567,2.2,2.7,.815,1.2,5.1,6.3,1.2,0.5,0.5,0.8,2.8,12.7,oubreke01
159,Noah Penda,SF,21,ORL,1,0,3,0.0,0.0,,0.0,0.0,,0.0,0.0,,0.0,0.0,,0.0,12.0,12.0,0.0,0.0,0.0,0.0,0.0,0.0,pendano01
160,Julian Phillips,SF,22,MIN,5,0,25,2.9,8.6,.333,2.9,5.8,.500,0.0,2.9,.000,0.0,0.0,,0.0,1.4,1.4,2.9,2.9,0.0,1.4,1.4,8.6,phillju01
161,Jalen Pickett,SG,26,DEN,2,0,4,0.0,0.0,,0.0,0.0,,0.0,0.0,,9.0,18.0,.500,0.0,0.0,0.0,9.0,0.0,0.0,0.0,0.0,9.0,pickeja02
162,Mason Plumlee,C,35,SAS,6,0,18,4.0,6.0,.667,0.0,0.0,,4.0,6.0,.667,0.0,0.0,,0.0,8.0,8.0,4.0,0.0,6.0,2.0,8.0,8.0,plumlma01
163,Jakob Poeltl,C,30,TOR,7,7,134,5.4,8.3,.645,0.0,0.0,,5.4,8.3,.645,2.4,3.8,.643,3.2,8.1,11.3,2.7,1.6,1.6,1.6,5.1,13.2,poeltja01
164,Craig Porter Jr.,PG,25,CLE,7,0,21,1.7,5.1,.333,0.0,1.7,.000,1.7,3.4,.500,0.0,0.0,,0.0,5.1,5.1,6.9,0.0,0.0,6.9,1.7,3.4,portecr01
165,Payton Pritchard,PG,28,BOS,7,0,231,6.1,14.3,.424,2.6,8.6,.309,3.4,5.8,.595,1.1,1.2,.875,1.4,2.6,4.1,5.6,0.5,0.0,0.8,0.8,15.9,pritcpa01
166,Tyrese Proctor,PG,21,CLE,4,0,13,0.0,5.5,.000,0.0,5.5,.000,0.0,0.0,,5.5,5.5,1.000,0.0,2.8,2.8,5.5,0.0,0.0,5.5,2.8,5.5,proctty01
167,Neemias Queta,C,26,BOS,7,6,152,5.9,8.1,.735,0.0,0.0,,5.9,8.1,.735,3.6,4.5,.789,2.8,11.4,14.2,0.9,0.2,1.4,1.4,6.9,15.4,quetane01
168,Julius Randle,PF,31,MIN,12,12,400,6.0,15.5,.390,0.9,3.7,.244,5.1,11.8,.435,4.3,5.9,.738,2.7,5.4,8.1,3.1,0.5,0.1,3.1,3.7,17.3,randlju01
169,Austin Reaves,SG,27,LAL,6,5,221,6.0,14.8,.407,1.5,5.7,.257,4.6,9.1,.500,6.0,7.0,.860,0.5,3.4,3.9,5.7,0.0,1.1,4.4,3.4,19.5,reaveau01
170,Paul Reed,C,26,DET,9,0,86,11.7,17.6,.667,0.8,2.1,.400,10.9,15.5,.703,3.8,5.0,.750,7.5,7.5,15.1,2.1,0.4,2.5,2.9,5.9,28.0,reedpa01
171,Naz Reid,C,26,MIN,12,0,323,6.6,13.6,.484,2.5,6.1,.400,4.1,7.5,.552,1.2,1.9,.647,1.6,8.2,9.8,2.8,0.6,0.4,1.8,4.2,16.8,reidna01
172,Jase Richardson,SG,20,ORL,1,0,3,24.0,24.0,1.000,24.0,24.0,1.000,0.0,0.0,,0.0,0.0,,0.0,0.0,0.0,0.0,0.0,0.0,0.0,0.0,72.0,richaja02
173,Zaccharie Risacher,SF,20,ATL,3,0,23,7.8,21.9,.357,1.6,7.8,.200,6.3,14.1,.444,0.0,0.0,,6.3,7.8,14.1,0.0,0.0,0.0,0.0,3.1,17.2,risacza01
174,Duncan Robinson,SG,31,DET,13,11,383,4.8,10.7,.447,3.9,8.5,.456,0.9,2.3,.417,1.0,1.7,.611,0.4,2.5,2.9,2.8,1.6,0.3,1.2,3.6,14.5,robindu01
175,Mitchell Robinson,C,27,NYK,18,0,251,5.0,7.5,.673,0.0,0.0,,5.0,7.5,.673,2.4,8.3,.293,6.7,7.5,14.2,1.0,1.0,1.6,1.1,3.9,12.5,robinmi01
176,Marcus Sasser,PG,25,DET,6,0,61,6.5,13.6,.478,3.0,8.3,.357,3.5,5.3,.667,0.0,0.0,,1.8,1.2,3.0,1.8,1.8,0.0,1.2,2.4,15.9,sassema01
177,Baylor Scheierman,SG,25,BOS,7,1,99,4.0,9.5,.423,2.9,7.6,.381,1.1,1.8,.600,0.0,0.0,,2.5,4.7,7.3,1.5,2.2,0.4,0.7,2.9,10.9,scheiba01
178,Dennis Schröder,PG,32,CLE,17,0,271,4.3,11.2,.381,1.5,4.4,.333,2.8,6.8,.412,2.5,3.2,.792,0.5,2.8,3.3,5.4,0.8,0.4,3.2,3.2,12.5,schrode01
179,Alperen Şengün,C,23,HOU,6,6,232,7.1,15.4,.465,0.2,1.2,.125,7.0,14.1,.495,4.5,6.5,.690,3.3,6.2,9.5,4.3,1.7,1.2,2.8,3.3,18.9,sengual01
180,Landry Shamet,SG,28,NYK,19,0,310,4.5,10.0,.453,3.4,7.1,.475,1.2,2.9,.400,0.8,1.0,.778,0.6,1.9,2.4,1.6,0.5,0.2,0.9,3.8,13.2,shamela01
181,Terrence Shannon Jr.,SG,25,MIN,9,3,203,6.7,16.7,.404,1.4,5.7,.250,5.3,11.0,.484,3.9,4.3,.917,0.9,3.2,4.1,2.1,0.7,0.0,1.4,3.9,18.8,shannte01
182,Shaedon Sharpe,SG,22,POR,5,0,67,7.5,18.3,.412,1.6,5.9,.273,5.9,12.4,.478,2.7,4.3,.625,1.6,2.7,4.3,1.6,1.1,1.1,0.0,2.7,19.3,sharpsh01
183,Jamal Shead,PG,23,TOR,7,4,224,3.7,10.4,.354,2.3,6.8,.333,1.4,3.7,.391,0.5,1.0,.500,0.5,1.8,2.3,5.6,1.6,0.2,2.3,3.5,10.1,sheadja01
184,Reed Sheppard,SG,21,HOU,6,5,192,5.1,16.5,.307,3.0,10.1,.296,2.1,6.4,.324,0.6,0.7,.750,0.2,0.9,1.1,5.2,2.4,0.9,2.3,2.6,13.7,sheppre01
185,Max Shulga,SG,23,BOS,2,0,5,7.2,14.4,.500,7.2,14.4,.500,0.0,0.0,,0.0,0.0,,0.0,0.0,0.0,0.0,0.0,0.0,0.0,7.2,21.6,shulgma01
186,Marcus Smart,SG,31,LAL,10,10,345,4.1,10.3,.394,1.8,5.2,.340,2.3,5.1,.449,3.5,4.5,.791,1.0,2.6,3.7,5.3,2.5,1.0,3.7,3.2,13.5,smartma01
187,Jabari Smith Jr.,PF,22,HOU,6,6,252,4.7,12.1,.388,2.7,7.3,.373,2.0,4.9,.412,2.9,3.7,.769,1.7,5.6,7.3,1.6,0.9,0.6,0.9,2.4,15.0,smithja05
188,Nick Smith Jr.,SG,21,LAL,6,0,18,12.0,28.0,.429,6.0,14.0,.429,6.0,14.0,.429,2.0,4.0,.500,0.0,2.0,2.0,2.0,2.0,2.0,2.0,0.0,32.0,smithni01
189,Tolu Smith,PF,25,DET,3,0,7,10.3,10.3,1.000,0.0,0.0,,10.3,10.3,1.000,0.0,0.0,,0.0,10.3,10.3,0.0,5.1,0.0,5.1,0.0,20.6,smithto05
190,Jeremy Sochan,PF,22,NYK,8,0,26,9.7,12.5,.778,1.4,2.8,.500,8.3,9.7,.857,6.9,11.1,.625,1.4,5.5,6.9,2.8,1.4,1.4,1.4,2.8,27.7,sochaje01
191,Isaiah Stewart,C,24,DET,14,0,165,4.4,7.4,.588,0.9,1.7,.500,3.5,5.7,.615,2.6,3.7,.706,2.8,4.6,7.4,0.7,0.2,3.1,2.0,7.9,12.2,stewais01
192,Julian Strawther,SG,23,DEN,2,0,18,4.0,14.0,.286,2.0,6.0,.333,2.0,8.0,.250,2.0,4.0,.500,2.0,4.0,6.0,0.0,0.0,0.0,4.0,4.0,12.0,strawju01
193,Max Strus,SF,29,CLE,18,4,481,4.2,10.3,.406,2.8,7.9,.358,1.3,2.4,.563,1.6,1.8,.917,2.1,4.4,6.5,2.8,1.1,0.3,1.8,4.4,12.9,strusma01
194,Jalen Suggs,PG,24,ORL,7,7,248,3.8,12.6,.299,1.9,7.8,.241,1.9,4.8,.394,1.9,2.0,.929,0.7,3.3,4.1,4.2,1.9,0.6,3.0,3.9,11.3,suggsja01
195,Jae'Sean Tate,SF,30,HOU,5,0,30,3.6,12.0,.300,0.0,4.8,.000,3.6,7.2,.500,4.8,7.2,.667,7.2,4.8,12.0,0.0,1.2,0.0,0.0,9.6,12.0,tateja01
196,Jayson Tatum,PF,27,BOS,6,6,218,7.9,16.7,.475,3.1,8.6,.365,4.8,8.1,.592,4.1,5.3,.781,1.0,9.6,10.6,6.8,1.2,0.0,2.8,1.8,23.1,tatumja01
197,Garrett Temple,SG,39,TOR,2,0,2,0.0,18.0,.000,0.0,0.0,,0.0,18.0,.000,0.0,0.0,,0.0,0.0,0.0,18.0,0.0,0.0,0.0,0.0,0.0,templga01
198,Dalen Terry,SG,23,PHI,7,0,39,3.7,12.0,.308,1.8,4.6,.400,1.8,7.4,.250,2.8,6.5,.429,0.0,3.7,3.7,6.5,4.6,0.0,1.8,2.8,12.0,terryda01
199,Adou Thiero,SF,21,LAL,6,0,34,3.2,6.4,.500,0.0,2.1,.000,3.2,4.2,.750,3.2,6.4,.500,5.3,7.4,12.7,1.1,0.0,0.0,4.2,5.3,9.5,thierad01
200,Amen Thompson,PG,23,HOU,6,6,264,5.7,11.7,.488,0.3,1.1,.250,5.5,10.6,.513,4.0,5.6,.707,2.0,3.7,5.7,4.6,1.6,1.0,2.0,2.6,15.7,thompam01
201,Ausar Thompson,SF,23,DET,14,14,427,4.1,8.2,.505,0.1,0.6,.143,4.0,7.6,.533,1.3,2.6,.516,3.8,5.5,9.3,3.7,2.4,2.1,1.9,3.5,9.7,thompau01
202,Matisse Thybulle,SG,28,POR,4,0,53,1.4,9.5,.143,0.7,7.5,.091,0.7,2.0,.333,1.4,1.4,1.000,0.7,4.8,5.4,2.7,2.0,2.0,0.0,2.0,4.8,thybuma01
203,Nae'Qwan Tomlin,PF,25,CLE,7,0,19,7.6,11.4,.667,0.0,0.0,,7.6,11.4,.667,1.9,3.8,.500,7.6,1.9,9.5,3.8,1.9,0.0,1.9,5.7,17.1,tomlina01
204,Nikola Topić,PG,20,OKC,9,0,22,3.3,9.8,.333,0.0,3.3,.000,3.3,6.5,.500,0.0,0.0,,0.0,3.3,3.3,4.9,3.3,0.0,3.3,1.6,6.5,topicni01
205,Karl-Anthony Towns,C,30,NYK,19,19,578,6.4,11.6,.551,1.6,3.6,.456,4.8,8.1,.592,4.4,4.8,.909,3.0,9.5,12.5,5.9,1.5,1.5,3.1,4.8,18.8,townska01
206,Jaylon Tyson,SG,23,CLE,17,0,216,4.2,11.5,.362,1.5,6.3,.237,2.7,5.2,.516,1.7,2.5,.667,2.2,5.7,7.8,3.7,0.5,0.2,1.8,4.3,11.5,tysonja01
207,Jonas Valančiūnas,C,33,DEN,4,0,25,7.2,10.1,.714,0.0,0.0,,7.2,10.1,.714,1.4,2.9,.500,4.3,8.6,13.0,1.4,0.0,1.4,7.2,15.8,15.8,valanjo01
208,Jarred Vanderbilt,PF,26,LAL,7,0,75,4.3,10.6,.409,0.5,4.3,.111,3.8,6.2,.615,0.5,1.4,.333,2.4,9.1,11.5,1.0,1.0,0.0,0.5,5.8,9.6,vandeja01
209,Devin Vassell,SG,25,SAS,23,23,801,4.7,10.9,.432,2.5,6.7,.378,2.2,4.3,.516,1.4,1.8,.821,0.9,4.6,5.5,2.8,1.3,0.8,1.0,2.1,13.4,vassede01
210,Gabe Vincent,PG,29,ATL,6,0,93,3.1,8.5,.364,2.3,7.0,.333,0.8,1.5,.500,1.5,1.9,.800,1.2,0.0,1.2,2.7,0.8,0.4,1.2,3.9,10.1,vincega01
211,Nikola Vučević,C,35,BOS,6,0,114,4.4,11.7,.378,2.2,7.6,.292,2.2,4.1,.538,0.6,1.3,.500,1.6,6.6,8.2,4.4,0.3,0.9,2.5,4.7,11.7,vucevni01
212,Dean Wade,PF,29,CLE,18,14,407,2.7,5.7,.462,1.6,4.2,.375,1.1,1.5,.706,0.1,0.3,.333,2.1,4.1,6.2,1.2,1.1,0.1,0.9,1.9,7.0,wadede01
213,Franz Wagner,SF,24,ORL,4,4,122,7.4,16.8,.439,0.9,2.7,.333,6.5,14.2,.458,4.1,4.4,.933,1.2,5.3,6.5,4.1,3.2,0.3,1.8,2.4,19.8,wagnefr01
214,Moritz Wagner,C,28,ORL,2,0,13,2.8,11.1,.250,2.8,2.8,1.000,0.0,8.3,.000,5.5,5.5,1.000,2.8,5.5,8.3,0.0,0.0,0.0,2.8,8.3,13.8,wagnemo01
215,Jabari Walker,PF,23,PHI,6,0,29,1.2,12.4,.100,0.0,6.2,.000,1.2,6.2,.200,2.5,2.5,1.000,2.5,5.0,7.4,0.0,0.0,0.0,1.2,3.7,5.0,walkeja01
216,Cason Wallace,SG,22,OKC,15,2,374,4.4,9.2,.479,2.9,6.0,.484,1.5,3.3,.471,0.7,0.8,.875,1.9,3.6,5.5,3.5,3.1,0.7,1.1,2.9,12.4,wallaca01
217,Keaton Wallace,PG,26,ATL,3,0,15,4.8,19.2,.250,0.0,7.2,.000,4.8,12.0,.400,4.8,4.8,1.000,0.0,7.2,7.2,7.2,2.4,0.0,0.0,2.4,14.4,wallake01
218,Jordan Walsh,PF,21,BOS,7,0,89,1.6,7.7,.211,0.8,4.9,.167,0.8,2.8,.286,0.8,2.4,.333,2.4,4.9,7.3,2.8,1.6,0.8,0.0,2.0,4.9,walshjo01
219,Ja'Kobe Walter,SG,21,TOR,7,5,224,4.0,10.8,.373,2.7,8.4,.327,1.3,2.4,.533,1.8,1.9,.917,0.3,3.2,3.5,1.6,2.3,0.3,0.6,3.2,12.5,walteja01
220,Lindy Waters III,SG,28,SAS,9,0,34,6.4,13.8,.462,3.2,8.5,.375,3.2,5.3,.600,0.0,0.0,,3.2,3.2,6.4,4.2,1.1,0.0,1.1,2.1,15.9,waterli01
221,Trendon Watford,PF,25,PHI,7,0,40,6.3,9.9,.636,0.0,0.9,.000,6.3,9.0,.700,5.4,7.2,.750,0.0,2.7,2.7,2.7,2.7,0.0,1.8,1.8,18.0,watfotr01
222,Victor Wembanyama,C,22,SAS,22,22,750,8.4,17.4,.485,1.9,5.5,.342,6.6,12.0,.550,6.4,7.5,.847,2.6,8.8,11.5,2.8,1.0,3.7,2.8,2.6,25.2,wembavi01
223,Blake Wesley,SG,22,POR,4,0,5,0.0,0.0,,0.0,0.0,,0.0,0.0,,7.2,14.4,.500,0.0,0.0,0.0,0.0,0.0,0.0,7.2,0.0,7.2,weslebl01
224,Derrick White,SG,31,BOS,7,7,251,3.7,11.6,.321,2.2,7.9,.273,1.6,3.7,.423,1.6,1.9,.846,1.4,1.9,3.3,3.2,0.9,1.4,1.6,1.7,11.2,whitede01
225,Aaron Wiggins,SG,27,OKC,13,0,75,4.3,12.0,.360,0.5,4.3,.111,3.8,7.7,.500,0.0,0.0,,0.5,1.9,2.4,2.4,0.5,0.5,1.9,1.9,9.1,wiggiaa01
226,Amari Williams,PF,24,BOS,1,0,2,0.0,18.0,.000,0.0,0.0,,0.0,18.0,.000,18.0,36.0,.500,18.0,0.0,18.0,0.0,0.0,0.0,0.0,0.0,18.0,william01
227,Jalen Williams,SG,24,OKC,5,4,107,9.8,18.8,.518,1.7,4.0,.417,8.1,14.8,.545,3.0,4.0,.750,1.7,3.7,5.4,4.7,1.7,0.7,2.0,1.7,24.2,willija06
228,Jaylin Williams,PF,23,OKC,15,0,240,3.9,9.7,.400,2.7,7.5,.360,1.2,2.3,.533,0.6,0.9,.667,1.0,8.2,9.3,3.3,1.2,0.5,0.9,4.8,11.1,willija07
229,Kenrich Williams,PF,31,OKC,11,0,72,6.0,15.5,.387,3.0,9.5,.316,3.0,6.0,.500,2.0,2.0,1.000,3.0,7.0,10.0,3.0,0.5,0.0,1.0,3.5,17.0,willike04
230,Robert Williams,C,28,POR,5,0,108,7.3,11.7,.629,1.0,3.0,.333,6.3,8.7,.731,0.3,1.0,.333,5.3,7.0,12.3,4.3,1.0,2.0,0.7,1.7,16.0,williro04