Rk,Player,Pos,Age,Tm,G,GS,MP,FG,FGA,FG%,3P,3PA,3P%,2P,2PA,2P%,eFG%,FT,FTA,FT%,ORB,DRB,TRB,AST,STL,BLK,TOV,PF,PTS,Player-additional
1,Nickeil Alexander-Walker,SG,27,ATL,6,6,213,27,71,.380,18,43,.419,9,28,.321,.507,10,15,.667,3,11,14,16,3,5,17,12,82,alexani01
2,Grayson Allen,SG,30,PHO,2,0,38,6,13,.462,4,11,.364,2,2,1.000,.615,3,4,.750,1,3,4,4,0,2,0,3,19,allengr01
3,Jarrett Allen,C,27,CLE,18,18,529,87,137,.635,0,0,,87,137,.635,.635,55,95,.579,57,72,129,19,18,31,17,36,229,allenja01
4,Jose Alvarado,PG,27,NYK,18,0,170,29,67,.433,12,34,.353,17,33,.515,.522,5,6,.833,2,23,25,21,10,2,10,21,75,alvarjo01
5,Kyle Anderson,SF,32,MIN,8,0,61,6,17,.353,0,1,.000,6,16,.375,.353,3,8,.375,2,5,7,15,2,0,6,6,15,anderky01
6,OG Anunoby,PF,28,NYK,17,17,586,111,198,.561,44,90,.489,67,108,.620,.672,76,89,.854,15,92,107,28,26,19,10,45,342,anunoog01
7,Deni Avdija,SF,25,POR,5,5,174,35,78,.449,7,20,.350,28,58,.483,.494,34,47,.723,3,27,30,23,2,3,17,19,111,avdijde01
8,Deandre Ayton,C,27,LAL,10,10,285,46,84,.548,0,0,,46,84,.548,.548,8,13,.615,37,59,96,9,2,8,13,28,100,aytonde01
9,Paolo Banchero,PF,23,ORL,7,7,273,60,143,.420,14,42,.333,46,101,.455,.469,50,74,.676,9,54,63,44,10,5,24,18,184,banchpa01
10,Desmond Bane,SG,27,ORL,7,7,253,43,110,.391,25,58,.431,18,52,.346,.505,16,20,.800,10,23,33,13,13,2,11,28,127,banede01
11,Dalano Banton,PG,26,BOS,2,0,4,1,1,1.000,0,0,,1,1,1.000,1.000,0,0,,0,0,0,0,0,0,0,0,2,bantoda01
12,Dominick Barlow,PF,22,PHI,9,0,96,10,17,.588,0,1,.000,10,16,.625,.588,6,7,.857,6,9,15,1,2,4,2,9,26,barlodo01
13,Harrison Barnes,PF,33,SAS,20,0,183,13,39,.333,6,26,.231,7,13,.538,.410,14,17,.824,16,10,26,5,2,1,5,8,46,barneha02
14,Scottie Barnes,PF,24,TOR,7,7,273,59,116,.509,8,21,.381,51,95,.537,.543,43,54,.796,11,32,43,60,8,12,24,21,169,barnesc01
15,RJ Barrett,SF,25,TOR,7,7,271,63,132,.477,17,44,.386,46,88,.523,.542,26,41,.634,14,35,49,28,9,2,25,24,169,barrerj01
16,Jamison Battle,SF,24,TOR,6,0,71,11,19,.579,7,11,.636,4,8,.500,.763,0,0,,3,8,11,1,0,0,1,6,29,battlja01
17,Joan Beringer,PF,19,MIN,5,0,23,5,9,.556,0,0,,5,9,.556,.556,6,8,.750,5,6,11,0,2,2,3,0,16,berinjo01
18,Goga Bitadze,C,26,ORL,6,0,83,6,15,.400,0,0,,6,15,.400,.400,5,7,.714,13,11,24,2,2,10,4,14,17,bitadgo01
19,Bismack Biyombo,C,33,SAS,9,0,25,3,7,.429,0,0,,3,7,.429,.429,0,0,,1,2,3,0,0,2,2,4,6,biyombi01
20,Anthony Black,PG,22,ORL,7,0,196,20,54,.370,7,22,.318,13,32,.406,.435,13,21,.619,2,20,22,10,15,5,5,19,60,blackan01
21,Adem Bona,C,22,PHI,10,3,96,8,16,.500,0,0,,8,16,.500,.500,10,16,.625,11,10,21,1,1,7,11,23,26,bonaad01
22,Devin Booker,SG,29,PHO,4,4,153,29,63,.460,5,20,.250,24,43,.558,.500,22,28,.786,10,7,17,19,1,1,16,15,85,bookede01
23,Jamaree Bouyea,PG,26,PHO,4,0,10,2,4,.500,0,0,,2,4,.500,.500,1,2,.500,1,2,3,1,1,0,0,0,5,bouyeja01
24,Tony Bradley,C,28,ATL,4,0,41,3,4,.750,1,1,1.000,2,3,.667,.875,4,6,.667,1,10,11,3,2,3,1,7,11,bradlto01
25,Christian Braun,SG,24,DEN,6,6,187,15,36,.417,6,14,.429,9,22,.409,.500,14,19,.737,2,19,21,10,6,5,4,13,50,braunch01
26,Mikal Bridges,SF,29,NYK,19,19,608,105,188,.559,23,63,.365,82,125,.656,.620,23,25,.920,7,54,61,52,19,6,17,36,256,bridgmi01
27,Dillon Brooks,SF,30,PHO,4,4,149,39,85,.459,14,32,.438,25,53,.472,.541,12,12,1.000,5,19,24,7,1,1,6,18,104,brookdi01
28,Johni Broome,C,23,PHI,2,0,8,3,6,.500,1,4,.250,2,2,1.000,.583,0,0,,1,1,2,1,0,0,0,0,7,broomjo01
29,Bruce Brown,SG,29,DEN,6,0,116,15,34,.441,3,11,.273,12,23,.522,.485,5,9,.556,3,13,16,10,10,0,9,16,38,brownbr01
30,Jaylen Brown,SF,29,BOS,7,7,249,65,143,.455,17,42,.405,48,101,.475,.514,33,46,.717,11,29,40,23,6,8,25,21,180,brownja02
31,Jalen Brunson,PG,29,NYK,19,19,702,192,413,.465,45,124,.363,147,289,.509,.519,110,130,.846,11,49,60,115,23,0,51,40,539,brunsja01
32,Carter Bryant,PF,20,SAS,22,0,187,22,44,.500,12,29,.414,10,15,.667,.636,2,6,.333,9,29,38,15,3,6,14,40,58,bryanca01
33,Thomas Bryant,C,28,CLE,9,0,41,6,21,.286,2,12,.167,4,9,.444,.333,3,3,1.000,3,8,11,2,2,1,2,4,17,bryanth01
34,Jamal Cain,SF,26,ORL,7,3,123,12,29,.414,3,12,.250,9,17,.529,.466,5,11,.455,7,17,24,4,2,3,5,14,32,cainja01
35,Toumani Camara,PF,25,POR,5,5,165,11,38,.289,7,27,.259,4,11,.364,.382,6,6,1.000,8,19,27,6,7,3,7,13,35,camarto01
36,Clint Capela,C,31,HOU,4,0,22,3,8,.375,0,0,,3,8,.375,.375,0,0,,5,2,7,1,0,1,1,1,6,capelca01
37,Jevon Carter,PG,30,ORL,3,0,17,1,4,.250,0,2,.000,1,2,.500,.250,0,0,,1,1,2,2,1,0,0,0,2,carteje01
38,Wendell Carter Jr.,C,26,ORL,7,7,237,25,48,.521,5,18,.278,20,30,.667,.573,22,31,.710,20,29,49,20,4,12,10,28,77,cartewe01
39,Alex Caruso,SG,31,OKC,15,0,353,55,115,.478,33,74,.446,22,41,.537,.622,22,27,.815,6,39,45,31,21,7,14,31,165,carusal01
40,Stephon Castle,PG,21,SAS,23,23,760,136,296,.459,35,100,.350,101,196,.515,.519,111,136,.816,33,83,116,141,21,8,80,89,418,castlst01
41,Julian Champagnie,SF,24,SAS,23,23,705,87,196,.444,61,154,.396,26,42,.619,.599,23,30,.767,21,110,131,36,30,12,13,51,258,champju02
42,Sidy Cissoko,SF,21,POR,4,0,26,4,10,.400,2,5,.400,2,5,.400,.500,1,1,1.000,2,3,5,1,4,0,1,4,11,cissosi01
43,Jaylen Clark,SG,24,MIN,6,0,57,3,12,.250,2,8,.250,1,4,.250,.333,2,2,1.000,2,5,7,3,1,1,0,6,10,clarkja02
44,Jordan Clarkson,SG,33,NYK,18,0,195,35,77,.455,4,19,.211,31,58,.534,.481,15,19,.789,18,13,31,11,4,1,16,25,89,clarkjo01
45,Donovan Clingan,C,21,POR,5,5,107,14,46,.304,5,25,.200,9,21,.429,.359,2,4,.500,14,25,39,11,1,3,3,14,35,clingdo01
46,Amir Coffey,SG,28,PHO,4,0,6,0,0,,0,0,,0,0,,,0,0,,0,0,0,0,0,0,2,0,0,coffeam01
47,Mike Conley,PG,38,MIN,12,5,168,19,38,.500,13,26,.500,6,12,.500,.671,2,2,1.000,1,14,15,32,8,0,5,15,53,conlemi01
48,Cade Cunningham,PG,24,DET,14,14,572,127,294,.432,41,102,.402,86,192,.448,.502,99,115,.861,13,59,72,105,15,8,79,43,394,cunnica01
49,Tristan Da Silva,SF,24,ORL,7,0,107,11,29,.379,5,16,.313,6,13,.462,.466,2,4,.500,7,13,20,1,1,0,5,8,29,dasiltr01
50,Pacôme Dadiet,SG,20,NYK,7,0,40,8,16,.500,3,8,.375,5,8,.625,.594,1,2,.500,2,5,7,3,2,0,2,1,20,dadiepa01
51,Dyson Daniels,SG,22,ATL,6,6,166,18,41,.439,4,14,.286,14,27,.519,.488,4,6,.667,9,28,37,30,11,2,11,12,44,daniedy01
52,JD Davison,PG,23,HOU,2,0,5,0,0,,0,0,,0,0,,,2,2,1.000,0,2,2,0,0,0,2,0,2,davisjd01
53,Mohamed Diawara,SF,20,NYK,6,0,43,3,13,.231,1,6,.167,2,7,.286,.269,0,0,,1,8,9,6,1,0,3,3,7,diawamo01
54,Gradey Dick,SG,22,TOR,3,0,4,0,0,,0,0,,0,0,,,0,0,,0,1,1,0,0,0,0,0,0,dickgr01
55,Donte DiVincenzo,SG,29,MIN,4,4,96,16,32,.500,11,23,.478,5,9,.556,.672,0,2,.000,0,15,15,16,7,0,4,10,43,divindo01
56,Luguentz Dort,SF,26,OKC,15,15,335,30,82,.366,20,65,.308,10,17,.588,.488,2,4,.500,10,30,40,20,7,2,8,40,82,dortlu01
57,Ayo Dosunmu,SG,26,MIN,10,4,292,57,114,.500,17,40,.425,40,74,.541,.575,25,27,.926,7,29,36,41,9,4,15,28,156,dosunay01
58,Andre Drummond,C,32,PHI,11,1,142,16,23,.696,4,8,.500,12,15,.800,.783,7,10,.700,12,35,47,7,4,2,9,27,43,drumman01
59,Ryan Dunn,SF,23,PHO,4,0,34,0,4,.000,0,4,.000,0,0,,.000,0,0,,0,6,6,2,0,0,3,2,0,dunnry01
60,Kevin Durant,SF,37,HOU,1,1,41,7,12,.583,1,4,.250,6,8,.750,.625,8,9,.889,2,4,6,4,1,1,9,4,23,duranke01
61,Jalen Duren,C,22,DET,14,14,422,56,109,.514,0,0,,56,109,.514,.514,31,46,.674,46,73,119,30,9,17,32,48,143,durenja01
62,Tari Eason,PF,24,HOU,6,4,195,31,65,.477,10,30,.333,21,35,.600,.554,11,13,.846,12,28,40,10,15,4,5,22,83,easonta01
63,VJ Edgecombe,SG,20,PHI,11,11,407,60,145,.414,21,72,.292,39,73,.534,.486,13,18,.722,23,44,67,37,11,4,18,29,154,edgecvj01
64,Anthony Edwards,SG,24,MIN,10,8,324,77,180,.428,20,63,.317,57,117,.487,.483,42,51,.824,5,52,57,27,5,7,25,29,216,edwaran01
65,Justin Edwards,SF,22,PHI,9,0,109,11,32,.344,4,18,.222,7,14,.500,.406,4,7,.571,6,14,20,4,0,1,6,15,30,edwarju01
66,Keon Ellis,SG,26,CLE,12,0,89,5,15,.333,5,14,.357,0,1,.000,.500,4,5,.800,3,11,14,3,7,1,6,9,19,elliske01
67,Joel Embiid,C,31,PHI,7,7,233,57,124,.460,5,28,.179,52,96,.542,.480,49,59,.831,8,43,51,38,2,6,15,17,168,embiijo01
68,Dorian Finney-Smith,PF,32,HOU,4,0,49,2,14,.143,2,11,.182,0,3,.000,.214,2,2,1.000,1,7,8,1,1,1,2,6,8,finnedo01
69,Rasheer Fleming,PF,21,PHO,4,0,18,3,5,.600,3,5,.600,0,0,,.900,0,0,,1,0,1,0,2,1,1,2,9,flemira01
70,De'Aaron Fox,PG,28,SAS,21,21,704,125,302,.414,30,102,.294,95,200,.475,.464,47,62,.758,12,67,79,125,27,9,43,55,327,foxde01
71,Luka Garza,C,27,BOS,7,1,59,10,20,.500,4,13,.308,6,7,.857,.600,7,8,.875,7,5,12,6,0,1,1,14,31,garzalu01
72,Paul George,PF,35,PHI,11,11,394,65,142,.458,35,71,.493,30,71,.423,.581,15,20,.750,6,37,43,33,14,5,22,27,180,georgpa01
73,Shai Gilgeous-Alexander,PG,27,OKC,15,15,544,132,285,.463,18,59,.305,114,226,.504,.495,132,148,.892,6,38,44,119,19,13,46,34,414,gilgesh01
74,Collin Gillespie,PG,26,PHO,4,3,114,16,36,.444,10,25,.400,6,11,.545,.583,0,1,.000,6,14,20,15,5,1,4,12,42,gilleco01
75,Rudy Gobert,C,33,MIN,12,12,372,34,69,.493,0,2,.000,34,67,.507,.493,18,38,.474,42,70,112,28,14,13,15,33,86,goberru01
76,Hugo González,SF,19,BOS,4,0,19,0,3,.000,0,3,.000,0,0,,.000,0,2,.000,1,3,4,2,0,1,1,4,0,gonzahu01
77,Jordan Goodwin,PG,27,PHO,1,1,5,1,4,.250,0,3,.000,1,1,1.000,.250,0,0,,0,0,0,0,0,0,0,2,2,goodwjo01
78,Aaron Gordon,PF,30,DEN,3,3,89,12,30,.400,3,14,.214,9,16,.563,.450,7,10,.700,4,12,16,7,0,1,1,9,34,gordoaa01
79,Jerami Grant,PF,31,POR,5,0,112,15,43,.349,5,15,.333,10,28,.357,.407,17,18,.944,2,7,9,2,5,1,3,11,52,grantje01
80,Jalen Green,SG,23,PHO,4,4,151,32,83,.386,7,34,.206,25,49,.510,.428,16,20,.800,5,16,21,14,8,1,13,8,87,greenja05
81,Javonte Green,SG,32,DET,11,0,132,9,30,.300,7,27,.259,2,3,.667,.417,5,6,.833,2,18,20,3,6,5,3,14,30,greenja02
82,Jeff Green,PF,39,HOU,2,0,11,0,2,.000,0,1,.000,0,1,.000,.000,0,0,,0,0,0,0,0,0,1,1,0,greenje02
83,Quentin Grimes,SG,25,PHI,11,0,243,23,58,.397,14,35,.400,9,23,.391,.517,14,16,.875,2,28,30,25,3,5,6,21,74,grimequ01
84,Mouhamed Gueye,PF,23,ATL,6,0,50,4,14,.286,1,10,.100,3,4,.750,.321,1,2,.500,5,5,10,4,1,0,1,9,10,gueyemo02
85,Rui Hachimura,PF,27,LAL,10,10,386,67,122,.549,33,58,.569,34,64,.531,.684,8,11,.727,6,34,40,17,9,6,9,28,175,hachiru01
86,Yang Hansen,C,20,POR,4,0,5,0,2,.000,0,2,.000,0,0,,.000,0,0,,0,1,1,0,0,0,0,0,0,yangha01
87,Tim Hardaway Jr.,SG,33,DEN,6,0,140,19,45,.422,8,23,.348,11,22,.500,.511,19,24,.792,6,14,20,5,4,2,4,10,65,hardati02
88,James Harden,PG,36,CLE,18,18,672,102,249,.410,38,127,.299,64,122,.525,.486,103,124,.831,13,79,92,99,31,12,84,46,345,hardeja01
89,Dylan Harper,SG,19,SAS,23,2,615,120,233,.515,23,69,.333,97,164,.591,.564,62,75,.827,29,99,128,62,22,5,35,53,325,harpedy01
90,Ron Harper Jr.,SF,25,BOS,6,1,25,4,9,.444,3,6,.500,1,3,.333,.611,0,0,,1,3,4,1,3,0,0,1,11,harpero02
91,Tobias Harris,PF,33,DET,14,14,485,91,214,.425,19,65,.292,72,149,.483,.470,52,63,.825,16,85,101,23,21,11,15,36,253,harrito02
92,Josh Hart,SF,30,NYK,19,19,614,75,174,.431,28,86,.326,47,88,.534,.511,20,33,.606,22,148,170,87,32,4,36,51,198,hartjo01
93,Isaiah Hartenstein,C,27,OKC,15,15,350,57,90,.633,0,1,.000,57,89,.640,.633,23,30,.767,50,75,125,39,12,10,26,48,137,harteis01
94,Sam Hauser,PF,28,BOS,7,6,164,19,46,.413,16,38,.421,3,8,.375,.587,0,0,,9,21,30,6,1,1,2,10,54,hausesa01
95,Jaxson Hayes,C,25,LAL,10,0,163,19,28,.679,0,1,.000,19,27,.704,.679,19,27,.704,15,17,32,7,3,8,10,27,57,hayesja02
96,Scoot Henderson,PG,21,POR,5,5,145,28,59,.475,13,28,.464,15,31,.484,.585,6,8,.750,2,6,8,6,4,1,9,17,75,hendesc01
97,Buddy Hield,SG,33,ATL,2,0,13,4,5,.800,2,2,1.000,2,3,.667,1.000,0,0,,0,2,2,0,0,0,2,0,10,hieldbu01
98,Haywood Highsmith,SF,29,PHO,2,0,11,0,2,.000,0,2,.000,0,0,,.000,0,0,,1,2,3,1,0,0,2,0,0,highsha01
99,Aaron Holiday,PG,29,HOU,6,0,67,6,22,.273,4,15,.267,2,7,.286,.364,0,0,,0,2,2,3,2,1,3,6,16,holidaa01
100,Jrue Holiday,PG,35,POR,5,5,192,31,77,.403,12,34,.353,19,43,.442,.481,8,9,.889,8,19,27,36,7,2,16,15,82,holidjr01
101,Ron Holland,SF,20,DET,9,0,58,4,13,.308,2,8,.250,2,5,.400,.385,3,5,.600,1,13,14,1,4,2,3,9,13,hollaro01
102,DaRon Holmes,PF,23,DEN,2,0,4,0,0,,0,0,,0,0,,,0,0,,0,2,2,0,0,0,0,0,0,holmeda01
103,Chet Holmgren,PF,23,OKC,15,15,459,83,146,.568,15,42,.357,68,104,.654,.620,43,52,.827,30,93,123,17,16,22,20,34,224,holmgch01
104,Jett Howard,SF,22,ORL,1,0,3,0,2,.000,0,2,.000,0,0,,.000,0,0,,0,0,0,0,0,0,0,0,0,howarje01
105,Kevin Huerter,SG,27,DET,5,0,46,2,7,.286,2,5,.400,0,2,.000,.429,0,0,,0,5,5,7,2,0,2,2,6,huertke01
106,Ariel Hukporti,C,23,NYK,10,0,76,5,11,.455,0,1,.000,5,10,.500,.455,7,15,.467,14,18,32,3,2,7,5,18,17,hukpoar01
107,Bones Hyland,PG,25,MIN,10,0,116,15,50,.300,9,34,.265,6,16,.375,.390,7,8,.875,3,10,13,15,4,1,8,11,46,hylanbo01
108,Oso Ighodaro,PF,23,PHO,4,4,129,13,24,.542,0,0,,13,24,.542,.542,4,6,.667,12,16,28,16,2,3,7,15,30,ighodos01
109,Joe Ingles,SF,38,MIN,3,0,14,2,3,.667,2,3,.667,0,0,,1.000,1,2,.500,1,1,2,0,2,0,1,0,7,inglejo01
110,Brandon Ingram,SF,28,TOR,5,5,148,19,58,.328,5,13,.385,14,45,.311,.371,17,23,.739,2,14,16,11,3,4,10,10,60,ingrabr01
111,Trayce Jackson-Davis,C,25,TOR,3,0,4,0,1,.000,0,0,,0,1,.000,.000,2,2,1.000,1,0,1,0,0,0,1,2,2,jackstr02
112,Bronny James,SG,21,LAL,8,0,42,5,10,.500,2,6,.333,3,4,.750,.600,0,0,,3,0,3,7,1,0,4,5,12,jamesbr02
113,LeBron James,SF,41,LAL,10,10,384,84,183,.459,17,52,.327,67,131,.511,.505,47,63,.746,4,63,67,73,13,3,38,16,232,jamesle01
114,Daniss Jenkins,PG,24,DET,14,3,318,44,122,.361,16,59,.271,28,63,.444,.426,24,31,.774,13,24,37,42,6,5,10,23,128,jenkida01
115,Isaiah Joe,SG,26,OKC,13,0,143,23,55,.418,16,46,.348,7,9,.778,.564,1,1,1.000,5,13,18,14,7,1,5,17,63,joeis01
116,Cameron Johnson,SF,29,DEN,6,6,186,31,62,.500,11,35,.314,20,27,.741,.589,12,17,.706,3,16,19,14,6,2,6,18,85,johnsca02
117,Jalen Johnson,SF,24,ATL,6,6,214,40,92,.435,9,31,.290,31,61,.508,.484,28,32,.875,6,40,46,31,5,2,14,20,117,johnsja05
118,Keldon Johnson,SF,26,SAS,23,0,411,66,162,.407,21,58,.362,45,104,.433,.472,25,43,.581,29,47,76,20,15,3,24,52,178,johnske04
119,Nikola Jokić,C,30,DEN,6,6,237,54,121,.446,7,36,.194,47,85,.553,.475,40,43,.930,9,70,79,57,6,5,23,21,155,jokicni01
120,Spencer Jones,SF,24,DEN,6,3,145,13,19,.684,9,13,.692,4,6,.667,.921,4,5,.800,3,9,12,2,4,7,4,20,39,jonessp01
121,Tyus Jones,PG,29,DEN,3,0,30,4,8,.500,0,1,.000,4,7,.571,.500,1,2,.500,0,0,0,5,2,0,0,3,9,jonesty01
122,Luke Kennard,SG,29,LAL,10,5,326,39,80,.488,18,38,.474,21,42,.500,.600,19,23,.826,3,32,35,23,9,1,14,16,115,kennalu01
123,Corey Kispert,SF,26,ATL,5,0,54,4,22,.182,1,12,.083,3,10,.300,.205,2,3,.667,3,5,8,6,2,0,3,8,11,kispeco01
124,Maxi Kleber,PF,34,LAL,3,0,14,0,1,.000,0,0,,0,1,.000,.000,1,2,.500,2,0,2,3,1,0,2,2,1,klebima01
125,Dalton Knecht,SF,24,LAL,5,0,18,3,8,.375,2,5,.400,1,3,.333,.500,2,2,1.000,0,6,6,3,0,0,1,0,10,knechda01
126,Tyler Kolek,PG,24,NYK,8,0,53,11,25,.440,4,9,.444,7,16,.438,.520,2,2,1.000,1,5,6,12,0,1,3,3,28,kolekty01
127,Luke Kornet,C,30,SAS,23,1,296,33,58,.569,1,1,1.000,32,57,.561,.578,17,22,.773,40,50,90,16,14,16,12,42,84,kornelu01
128,Vít Krejčí,PG,25,POR,4,0,16,1,4,.250,0,3,.000,1,1,1.000,.250,0,0,,0,1,1,2,0,0,0,3,2,krejcvi01
129,Jonathan Kuminga,PF,23,ATL,6,0,156,29,60,.483,5,24,.208,24,36,.667,.525,19,26,.731,6,14,20,6,3,3,6,16,82,kuminjo01
130,Chaz Lanier,SG,24,DET,3,0,8,1,3,.333,0,1,.000,1,2,.500,.333,0,0,,0,0,0,1,0,0,0,0,2,laniech01
131,Jake LaRavia,PF,24,LAL,8,0,114,9,27,.333,2,7,.286,7,20,.350,.370,6,6,1.000,9,8,17,6,4,6,11,16,26,laravja01
132,A.J. Lawson,SG,25,TOR,7,0,51,4,16,.250,2,8,.250,2,8,.250,.313,2,2,1.000,0,3,3,4,0,2,2,8,12,lawsoaj01
133,Caris LeVert,SG,31,DET,13,0,216,29,65,.446,10,27,.370,19,38,.500,.523,9,10,.900,6,23,29,16,8,6,8,20,77,leverca01
134,Kyle Lowry,PG,39,PHI,2,0,3,0,0,,0,0,,0,0,,,0,0,,0,1,1,0,0,0,0,1,0,lowryky01
135,Khaman Maluach,C,19,PHO,4,0,45,4,8,.500,0,1,.000,4,7,.571,.500,0,0,,2,7,9,0,0,0,3,4,8,maluakh01
136,Sandro Mamukelashvili,C,26,TOR,7,0,104,14,35,.400,4,14,.286,10,21,.476,.457,3,7,.429,11,24,35,7,5,3,4,12,35,mamuksa01
137,Tyrese Maxey,PG,25,PHI,11,11,437,96,211,.455,26,74,.351,70,137,.511,.517,43,48,.896,4,40,44,65,9,4,23,22,261,maxeyty01
138,Miles McBride,SG,25,NYK,19,2,334,35,105,.333,30,80,.375,5,25,.200,.476,7,8,.875,9,14,23,23,8,4,10,34,107,mcbrimi01
139,Jared McCain,SG,21,OKC,15,2,258,56,136,.412,26,70,.371,30,66,.455,.507,12,15,.800,9,19,28,15,5,0,11,19,150,mccaija01
140,CJ McCollum,PG,34,ATL,6,6,192,46,99,.465,10,33,.303,36,66,.545,.515,13,24,.542,7,11,18,12,6,7,21,14,115,mccolcj01
141,Jaden McDaniels,PF,25,MIN,12,12,406,78,176,.443,10,42,.238,68,134,.507,.472,30,35,.857,28,41,69,29,6,8,17,53,196,mcdanja02
142,Jordan McLaughlin,PG,29,SAS,10,0,46,7,11,.636,3,5,.600,4,6,.667,.773,2,2,1.000,2,6,8,10,2,0,2,3,19,mclaujo01
143,Sam Merrill,SG,29,CLE,17,0,338,41,96,.427,29,78,.372,12,18,.667,.578,21,25,.840,8,13,21,19,8,0,9,40,132,merrisa01
144,Ajay Mitchell,SG,23,OKC,11,7,317,63,137,.460,13,40,.325,50,97,.515,.507,27,30,.900,13,28,41,47,17,1,15,20,166,mitchaj01
145,Donovan Mitchell,SG,29,CLE,18,18,652,171,379,.451,51,156,.327,120,223,.538,.518,75,92,.815,15,72,87,55,21,5,47,55,468,mitchdo01
146,Evan Mobley,PF,24,CLE,18,18,640,114,213,.535,24,71,.338,90,142,.634,.592,54,87,.621,37,108,145,70,17,32,41,43,306,mobleev01
147,Jonathan Mogbo,PF,24,TOR,3,0,4,2,2,1.000,0,0,,2,2,1.000,1.000,0,0,,0,0,0,0,0,0,0,1,4,mogbojo01
148,Jamal Murray,PG,28,DEN,6,6,238,46,129,.357,11,42,.262,35,87,.402,.399,39,40,.975,7,23,30,34,5,2,13,10,142,murraja01
149,Kris Murray,SF,25,POR,5,0,25,2,4,.500,0,2,.000,2,2,1.000,.500,1,2,.500,1,2,3,0,0,0,3,3,5,murrakr01
150,Collin Murray-Boyles,PF,20,TOR,7,0,191,42,64,.656,0,3,.000,42,61,.689,.656,17,22,.773,21,24,45,17,9,8,13,16,101,murraco01
151,Larry Nance Jr.,PF,33,CLE,2,0,5,0,0,,0,0,,0,0,,,0,0,,0,0,0,0,0,0,1,0,0,nancela02
152,Asa Newell,PF,20,ATL,2,0,11,1,2,.500,0,0,,1,2,.500,.500,0,0,,0,0,0,1,1,1,0,1,2,newelas01
153,Zeke Nnaji,PF,25,DEN,2,0,19,2,2,1.000,1,1,1.000,1,1,1.000,1.250,5,6,.833,1,2,3,1,1,0,0,3,10,nnajize01
154,Royce O'Neale,SF,32,PHO,4,0,97,9,14,.643,8,13,.615,1,1,1.000,.929,5,6,.833,4,21,25,9,2,1,4,12,31,onealro01
155,Josh Okogie,SG,27,HOU,6,2,104,11,25,.440,5,13,.385,6,12,.500,.540,2,2,1.000,6,8,14,5,7,0,3,12,29,okogijo01
156,Onyeka Okongwu,C,25,ATL,6,6,199,28,48,.583,10,22,.455,18,26,.692,.688,9,12,.750,8,32,40,14,7,5,7,21,75,okongon01
157,Kelly Olynyk,C,34,SAS,9,0,35,8,15,.533,5,8,.625,3,7,.429,.700,4,7,.571,0,7,7,3,4,0,4,3,25,olynyke01
158,Kelly Oubre Jr.,SF,30,PHI,11,11,364,48,106,.453,10,39,.256,38,67,.567,.500,22,27,.815,12,52,64,12,5,5,8,28,128,oubreke01
159,Noah Penda,SF,21,ORL,1,0,3,0,0,,0,0,,0,0,,,0,0,,0,1,1,0,0,0,0,0,0,pendano01
160,Julian Phillips,SF,22,MIN,5,0,25,2,6,.333,2,4,.500,0,2,.000,.500,0,0,,0,1,1,2,2,0,1,1,6,phillju01
161,Jalen Pickett,SG,26,DEN,2,0,4,0,0,,0,0,,0,0,,,1,2,.500,0,0,0,1,0,0,0,0,1,pickeja02
162,Mason Plumlee,C,35,SAS,6,0,18,2,3,.667,0,0,,2,3,.667,.667,0,0,,0,4,4,2,0,3,1,4,4,plumlma01
163,Jakob Poeltl,C,30,TOR,7,7,134,20,31,.645,0,0,,20,31,.645,.645,9,14,.643,12,30,42,10,6,6,6,19,49,poeltja01
164,Craig Porter Jr.,PG,25,CLE,7,0,21,1,3,.333,0,1,.000,1,2,.500,.333,0,0,,0,3,3,4,0,0,4,1,2,portecr01
165,Payton Pritchard,PG,28,BOS,7,0,231,39,92,.424,17,55,.309,22,37,.595,.516,7,8,.875,9,17,26,36,3,0,5,5,102,pritcpa01
166,Tyrese Proctor,PG,21,CLE,4,0,13,0,2,.000,0,2,.000,0,0,,.000,2,2,1.000,0,1,1,2,0,0,2,1,2,proctty01
167,Neemias Queta,C,26,BOS,7,6,152,25,34,.735,0,0,,25,34,.735,.735,15,19,.789,12,48,60,4,1,6,6,29,65,quetane01
168,Julius Randle,PF,31,MIN,12,12,400,67,172,.390,10,41,.244,57,131,.435,.419,48,65,.738,30,60,90,34,6,1,34,41,192,randlju01
169,Austin Reaves,SG,27,LAL,6,5,221,37,91,.407,9,35,.257,28,56,.500,.456,37,43,.860,3,21,24,35,0,7,27,21,120,reaveau01
170,Paul Reed,C,26,DET,9,0,86,28,42,.667,2,5,.400,26,37,.703,.690,9,12,.750,18,18,36,5,1,6,7,14,67,reedpa01
171,Naz Reid,C,26,MIN,12,0,323,59,122,.484,22,55,.400,37,67,.552,.574,11,17,.647,14,74,88,25,5,4,16,38,151,reidna01
172,Jase Richardson,SG,20,ORL,1,0,3,2,2,1.000,2,2,1.000,0,0,,1.500,0,0,,0,0,0,0,0,0,0,0,6,richaja02
173,Zaccharie Risacher,SF,20,ATL,3,0,23,5,14,.357,1,5,.200,4,9,.444,.393,0,0,,4,5,9,0,0,0,0,2,11,risacza01
174,Duncan Robinson,SG,31,DET,13,11,383,51,114,.447,41,90,.456,10,24,.417,.627,11,18,.611,4,27,31,30,17,3,13,38,154,robindu01
175,Mitchell Robinson,C,27,NYK,18,0,251,35,52,.673,0,0,,35,52,.673,.673,17,58,.293,47,52,99,7,7,11,8,27,87,robinmi01
176,Marcus Sasser,PG,25,DET,6,0,61,11,23,.478,5,14,.357,6,9,.667,.587,0,0,,3,2,5,3,3,0,2,4,27,sassema01
177,Baylor Scheierman,SG,25,BOS,7,1,99,11,26,.423,8,21,.381,3,5,.600,.577,0,0,,7,13,20,4,6,1,2,8,30,scheiba01
178,Dennis Schröder,PG,32,CLE,17,0,271,32,84,.381,11,33,.333,21,51,.412,.446,19,24,.792,4,21,25,41,6,3,24,24,94,schrode01
179,Alperen Şengün,C,23,HOU,6,6,232,46,99,.465,1,8,.125,45,91,.495,.470,29,42,.690,21,40,61,28,11,8,18,21,122,sengual01
180,Landry Shamet,SG,28,NYK,19,0,310,39,86,.453,29,61,.475,10,25,.400,.622,7,9,.778,5,16,21,14,4,2,8,33,114,shamela01
181,Terrence Shannon Jr.,SG,25,MIN,9,3,203,38,94,.404,8,32,.250,30,62,.484,.447,22,24,.917,5,18,23,12,4,0,8,22,106,shannte01
182,Shaedon Sharpe,SG,22,POR,5,0,67,14,34,.412,3,11,.273,11,23,.478,.456,5,8,.625,3,5,8,3,2,2,0,5,36,sharpsh01
183,Jamal Shead,PG,23,TOR,7,4,224,23,65,.354,14,42,.333,9,23,.391,.462,3,6,.500,3,11,14,35,10,1,14,22,63,sheadja01
184,Reed Sheppard,SG,21,HOU,6,5,192,27,88,.307,16,54,.296,11,34,.324,.398,3,4,.750,1,5,6,28,13,5,12,14,73,sheppre01
185,Max Shulga,SG,23,BOS,2,0,5,1,2,.500,1,2,.500,0,0,,.750,0,0,,0,0,0,0,0,0,0,1,3,shulgma01
186,Marcus Smart,SG,31,LAL,10,10,345,39,99,.394,17,50,.340,22,49,.449,.480,34,43,.791,10,25,35,51,24,10,35,31,129,smartma01
187,Jabari Smith Jr.,PF,22,HOU,6,6,252,33,85,.388,19,51,.373,14,34,.412,.500,20,26,.769,12,39,51,11,6,4,6,17,105,smithja05
188,Nick Smith Jr.,SG,21,LAL,6,0,18,6,14,.429,3,7,.429,3,7,.429,.536,1,2,.500,0,1,1,1,1,1,1,0,16,smithni01
189,Tolu Smith,PF,25,DET,3,0,7,2,2,1.000,0,0,,2,2,1.000,1.000,0,0,,0,2,2,0,1,0,1,0,4,smithto05
190,Jeremy Sochan,PF,22,NYK,8,0,26,7,9,.778,1,2,.500,6,7,.857,.833,5,8,.625,1,4,5,2,1,1,1,2,20,sochaje01
191,Isaiah Stewart,C,24,DET,14,0,165,20,34,.588,4,8,.500,16,26,.615,.647,12,17,.706,13,21,34,3,1,14,9,36,56,stewais01
192,Julian Strawther,SG,23,DEN,2,0,18,2,7,.286,1,3,.333,1,4,.250,.357,1,2,.500,1,2,3,0,0,0,2,2,6,strawju01
193,Max Strus,SF,29,CLE,18,4,481,56,138,.406,38,106,.358,18,32,.563,.543,22,24,.917,28,59,87,38,15,4,24,59,172,strusma01
194,Jalen Suggs,PG,24,ORL,7,7,248,26,87,.299,13,54,.241,13,33,.394,.374,13,14,.929,5,23,28,29,13,4,21,27,78,suggsja01
195,Jae'Sean Tate,SF,30,HOU,5,0,30,3,10,.300,0,4,.000,3,6,.500,.300,4,6,.667,6,4,10,0,1,0,0,8,10,tateja01
196,Jayson Tatum,PF,27,BOS,6,6,218,48,101,.475,19,52,.365,29,49,.592,.569,25,32,.781,6,58,64,41,7,0,17,11,140,tatumja01
197,Garrett Temple,SG,39,TOR,2,0,2,0,1,.000,0,0,,0,1,.000,.000,0,0,,0,0,0,1,0,0,0,0,0,templga01
198,Dalen Terry,SG,23,PHI,7,0,39,4,13,.308,2,5,.400,2,8,.250,.385,3,7,.429,0,4,4,7,5,0,2,3,13,terryda01
199,Adou Thiero,SF,21,LAL,6,0,34,3,6,.500,0,2,.000,3,4,.750,.500,3,6,.500,5,7,12,1,0,0,4,5,9,thierad01
200,Amen Thompson,PG,23,HOU,6,6,264,42,86,.488,2,8,.250,40,78,.513,.500,29,41,.707,15,27,42,34,12,7,15,19,115,thompam01
201,Ausar Thompson,SF,23,DET,14,14,427,49,97,.505,1,7,.143,48,90,.533,.510,16,31,.516,45,65,110,44,28,25,23,41,115,thompau01
202,Matisse Thybulle,SG,28,POR,4,0,53,2,14,.143,1,11,.091,1,3,.333,.179,2,2,1.000,1,7,8,4,3,3,0,3,7,thybuma01
203,Nae'Qwan Tomlin,PF,25,CLE,7,0,19,4,6,.667,0,0,,4,6,.667,.667,1,2,.500,4,1,5,2,1,0,1,3,9,tomlina01
204,Nikola Topić,PG,20,OKC,9,0,22,2,6,.333,0,2,.000,2,4,.500,.333,0,0,,0,2,2,3,2,0,2,1,4,topicni01
205,Karl-Anthony Towns,C,30,NYK,19,19,578,103,187,.551,26,57,.456,77,130,.592,.620,70,77,.909,48,153,201,94,24,24,50,77,302,townska01
206,Jaylon Tyson,SG,23,CLE,17,0,216,25,69,.362,9,38,.237,16,31,.516,.428,10,15,.667,13,34,47,22,3,1,11,26,69,tysonja01
207,Jonas Valančiūnas,C,33,DEN,4,0,25,5,7,.714,0,0,,5,7,.714,.714,1,2,.500,3,6,9,1,0,1,5,11,11,valanjo01
208,Jarred Vanderbilt,PF,26,LAL,7,0,75,9,22,.409,1,9,.111,8,13,.615,.432,1,3,.333,5,19,24,2,2,0,1,12,20,vandeja01
209,Devin Vassell,SG,25,SAS,23,23,801,105,243,.432,56,148,.378,49,95,.516,.547,32,39,.821,19,103,122,62,29,17,22,46,298,vassede01
210,Gabe Vincent,PG,29,ATL,6,0,93,8,22,.364,6,18,.333,2,4,.500,.500,4,5,.800,3,0,3,7,2,1,3,10,26,vincega01
211,Nikola Vučević,C,35,BOS,6,0,114,14,37,.378,7,24,.292,7,13,.538,.473,2,4,.500,5,21,26,14,1,3,8,15,37,vucevni01
212,Dean Wade,PF,29,CLE,18,14,407,30,65,.462,18,48,.375,12,17,.706,.600,1,3,.333,24,46,70,14,13,1,10,21,79,wadede01
213,Franz Wagner,SF,24,ORL,4,4,122,25,57,.439,3,9,.333,22,48,.458,.465,14,15,.933,4,18,22,14,11,1,6,8,67,wagnefr01
214,Moritz Wagner,C,28,ORL,2,0,13,1,4,.250,1,1,1.000,0,3,.000,.375,2,2,1.000,1,2,3,0,0,0,1,3,5,wagnemo01
215,Jabari Walker,PF,23,PHI,6,0,29,1,10,.100,0,5,.000,1,5,.200,.100,2,2,1.000,2,4,6,0,0,0,1,3,4,walkeja01
216,Cason Wallace,SG,22,OKC,15,2,374,46,96,.479,30,62,.484,16,34,.471,.635,7,8,.875,20,37,57,36,32,7,11,30,129,wallaca01
217,Keaton Wallace,PG,26,ATL,3,0,15,2,8,.250,0,3,.000,2,5,.400,.250,2,2,1.000,0,3,3,3,1,0,0,1,6,wallake01
218,Jordan Walsh,PF,21,BOS,7,0,89,4,19,.211,2,12,.167,2,7,.286,.263,2,6,.333,6,12,18,7,4,2,0,5,12,walshjo01
219,Ja'Kobe Walter,SG,21,TOR,7,5,224,25,67,.373,17,52,.327,8,15,.533,.500,11,12,.917,2,20,22,10,14,2,4,20,78,walteja01
220,Lindy Waters III,SG,28,SAS,9,0,34,6,13,.462,3,8,.375,3,5,.600,.577,0,0,,3,3,6,4,1,0,1,2,15,waterli01
221,Trendon Watford,PF,25,PHI,7,0,40,7,11,.636,0,1,.000,7,10,.700,.636,6,8,.750,0,3,3,3,3,0,2,2,20,watfotr01
222,Victor Wembanyama,C,22,SAS,22,22,750,176,363,.485,39,114,.342,137,249,.550,.539,133,157,.847,55,184,239,59,21,78,59,55,524,wembavi01
223,Blake Wesley,SG,22,POR,4,0,5,0,0,,0,0,,0,0,,,1,2,.500,0,0,0,0,0,0,1,0,1,weslebl01
224,Derrick White,SG,31,BOS,7,7,251,26,81,.321,15,55,.273,11,26,.423,.414,11,13,.846,10,13,23,22,6,10,11,12,78,whitede01
225,Aaron Wiggins,SG,27,OKC,13,0,75,9,25,.360,1,9,.111,8,16,.500,.380,0,0,,1,4,5,5,1,1,4,4,19,wiggiaa01
226,Amari Williams,PF,24,BOS,1,0,2,0,1,.000,0,0,,0,1,.000,.000,1,2,.500,1,0,1,0,0,0,0,0,1,william01
227,Jalen Williams,SG,24,OKC,5,4,107,29,56,.518,5,12,.417,24,44,.545,.563,9,12,.750,5,11,16,14,5,2,6,5,72,willija06
228,Jaylin Williams,PF,23,OKC,15,0,240,26,65,.400,18,50,.360,8,15,.533,.538,4,6,.667,7,55,62,22,8,3,6,32,74,willija07
229,Kenrich Williams,PF,31,OKC,11,0,72,12,31,.387,6,19,.316,6,12,.500,.484,4,4,1.000,6,14,20,6,1,0,2,7,34,willike04
230,Robert Williams,C,28,POR,5,0,108,22,35,.629,3,9,.333,19,26,.731,.671,1,3,.333,16,21,37,13,3,6,2,5,48,williro04